2022-06-29 13:44:57.858,11372,730.90,33.19,72.57
2022-06-29 13:44:59.874,11373,730.66,33.21,72.60
2022-06-29 13:45:01.874,11374,730.85,33.24,72.59
2022-06-29 13:45:03.889,11375,731.35,33.22,72.60
2022-06-29 13:45:05.889,11376,731.68,33.22,72.59
2022-06-29 13:45:07.889,11377,731.91,33.21,72.58
2022-06-29 13:45:09.905,11378,732.02,33.19,72.58
2022-06-29 13:45:11.905,11379,731.97,33.21,72.62
2022-06-29 13:45:13.921,11380,732.53,33.16,72.56
2022-06-29 13:45:15.921,11381,732.53,33.19,72.59
2022-06-29 13:45:17.921,11382,733.13,33.18,72.62
2022-06-29 13:45:19.936,11383,733.40,33.22,72.63
2022-06-29 13:45:21.936,11384,733.52,33.18,72.58
2022-06-29 13:45:23.936,11385,733.18,33.19,72.58
2022-06-29 13:45:25.952,11386,733.25,33.18,72.62
2022-06-29 13:45:27.952,11387,733.62,33.18,72.60
2022-06-29 13:45:29.952,11388,733.77,33.19,72.60
2022-06-29 13:45:31.968,11389,734.01,33.18,72.63
2022-06-29 13:45:33.968,11390,733.85,33.19,72.64
2022-06-29 13:45:35.968,11391,733.10,33.18,72.63
2022-06-29 13:45:37.983,11392,732.94,33.18,72.64
2022-06-29 13:45:39.983,11393,732.44,33.16,72.65
2022-06-29 13:45:41.983,11394,732.30,33.14,72.70
2022-06-29 13:45:43.999,11395,732.02,33.19,72.71
2022-06-29 13:45:45.999,11396,732.31,33.15,72.70
2022-06-29 13:45:48.015,11397,732.73,33.18,72.71
2022-06-29 13:45:50.015,11398,732.83,33.16,72.71
2022-06-29 13:45:52.015,11399,733.17,33.15,72.73
2022-06-29 13:45:54.015,11400,733.58,33.16,72.74
2022-06-29 13:45:56.030,11401,733.74,33.18,72.74
2022-06-29 13:45:58.031,11402,733.47,33.12,72.71
2022-06-29 13:46:00.031,11403,733.61,33.12,72.71
2022-06-29 13:46:02.046,11404,733.91,33.14,72.74
2022-06-29 13:46:04.046,11405,734.30,33.14,72.73
2022-06-29 13:46:06.046,11406,734.59,33.15,72.75
2022-06-29 13:46:08.062,11407,735.06,33.15,72.75
2022-06-29 13:46:10.062,11408,735.13,33.14,72.74
2022-06-29 13:46:12.078,11409,735.31,33.15,72.76
2022-06-29 13:46:14.078,11410,735.13,33.12,72.76
2022-06-29 13:46:16.078,11411,735.03,33.11,72.78
2022-06-29 13:46:18.093,11412,735.44,33.12,72.78
2022-06-29 13:46:20.093,11413,735.06,33.12,72.77
2022-06-29 13:46:22.093,11414,735.11,33.12,72.79
2022-06-29 13:46:24.109,11415,734.87,33.14,72.80
2022-06-29 13:46:26.109,11416,734.64,33.12,72.80
2022-06-29 13:46:28.125,11417,734.68,33.11,72.76
2022-06-29 13:46:30.125,11418,734.72,33.14,72.77
2022-06-29 13:46:32.125,11419,734.63,33.11,72.79
2022-06-29 13:46:34.125,11420,734.82,33.09,72.79
2022-06-29 13:46:36.140,11421,734.48,33.09,72.81
2022-06-29 13:46:38.140,11422,734.88,33.12,72.81
2022-06-29 13:46:40.156,11423,734.99,33.12,72.82
2022-06-29 13:46:42.156,11424,734.46,33.09,72.81
2022-06-29 13:46:44.156,11425,733.94,33.11,72.86
2022-06-29 13:46:46.172,11426,733.73,33.09,72.87
2022-06-29 13:46:48.172,11427,733.35,33.08,72.88
2022-06-29 13:46:50.187,11428,733.49,33.09,72.86
2022-06-29 13:46:52.187,11429,733.84,33.09,72.87
2022-06-29 13:46:54.203,11430,734.78,33.09,72.87
2022-06-29 13:46:56.203,11431,734.91,33.07,72.89
2022-06-29 13:46:58.203,11432,735.41,33.08,72.90
2022-06-29 13:47:00.219,11433,735.61,33.09,72.90
2022-06-29 13:47:02.219,11434,735.38,33.08,72.86
2022-06-29 13:47:04.234,11435,735.19,33.09,72.87
2022-06-29 13:47:06.234,11436,735.12,33.08,72.88
2022-06-29 13:47:08.234,11437,735.17,33.08,72.87
2022-06-29 13:47:10.250,11438,735.53,33.07,72.91
2022-06-29 13:47:12.250,11439,736.03,33.08,72.92
2022-06-29 13:47:14.250,11440,736.27,33.07,72.89
2022-06-29 13:47:16.266,11441,736.56,33.09,72.92
2022-06-29 13:47:18.266,11442,736.49,33.07,72.90
2022-06-29 13:47:20.266,11443,736.50,33.05,72.93
2022-06-29 13:47:22.266,11444,736.20,33.05,72.91
2022-06-29 13:47:24.281,11445,736.09,33.04,72.92
2022-06-29 13:47:26.281,11446,736.83,33.04,72.90
2022-06-29 13:47:28.297,11447,736.60,33.02,72.90
2022-06-29 13:47:30.297,11448,737.08,33.05,72.93
2022-06-29 13:47:32.297,11449,737.40,33.05,72.94
2022-06-29 13:47:34.313,11450,737.52,33.04,72.95
2022-06-29 13:47:36.313,11451,737.15,33.04,72.94
2022-06-29 13:47:38.328,11452,737.09,33.02,72.95
2022-06-29 13:47:40.328,11453,737.38,33.05,72.98
2022-06-29 13:47:42.328,11454,737.78,33.02,72.97
2022-06-29 13:47:44.344,11455,738.10,33.05,73.00
2022-06-29 13:47:46.344,11456,738.29,33.02,72.98
2022-06-29 13:47:48.360,11457,738.39,33.07,72.98
2022-06-29 13:47:50.360,11458,738.39,33.05,73.01
2022-06-29 13:47:52.375,11459,738.38,33.02,73.00
2022-06-29 13:47:54.375,11460,737.72,33.01,72.99
2022-06-29 13:47:56.391,11461,737.44,32.99,72.98
2022-06-29 13:47:58.391,11462,737.49,33.01,72.98
2022-06-29 13:48:00.391,11463,737.59,33.01,72.99
2022-06-29 13:48:02.407,11464,737.97,33.01,73.03
2022-06-29 13:48:04.407,11465,738.35,33.04,73.00
2022-06-29 13:48:06.407,11466,738.56,33.04,73.00
2022-06-29 13:48:08.422,11467,738.63,33.04,73.01
2022-06-29 13:48:10.422,11468,738.54,33.01,73.05
2022-06-29 13:48:12.438,11469,738.39,33.01,73.02
2022-06-29 13:48:14.438,11470,738.50,32.99,73.00
2022-06-29 13:48:16.454,11471,738.23,33.01,72.99
2022-06-29 13:48:18.454,11472,738.20,32.98,72.99
2022-06-29 13:48:20.454,11473,738.51,32.99,72.98
2022-06-29 13:48:22.469,11474,738.05,32.98,73.03
2022-06-29 13:48:24.470,11475,738.20,32.98,73.04
2022-06-29 13:48:26.470,11476,738.33,32.99,73.05
2022-06-29 13:48:28.485,11477,738.44,32.97,73.04
2022-06-29 13:48:30.485,11478,738.62,32.99,73.05
2022-06-29 13:48:32.485,11479,738.38,32.97,73.04
2022-06-29 13:48:34.501,11480,738.22,32.98,73.04
2022-06-29 13:48:36.501,11481,738.22,32.98,73.03
2022-06-29 13:48:38.517,11482,738.55,32.98,73.03
2022-06-29 13:48:40.517,11483,737.95,32.98,73.04
2022-06-29 13:48:42.517,11484,737.94,32.99,73.08
2022-06-29 13:48:44.532,11485,737.97,32.99,73.06
2022-06-29 13:48:46.532,11486,738.31,32.98,73.08
2022-06-29 13:48:48.548,11487,738.47,32.97,73.08
2022-06-29 13:48:50.548,11488,738.77,32.98,73.09
2022-06-29 13:48:52.548,11489,738.78,32.97,73.07
2022-06-29 13:48:54.564,11490,738.95,32.97,73.09
2022-06-29 13:48:56.564,11491,739.39,32.97,73.09
2022-06-29 13:48:58.564,11492,739.57,32.98,73.07
2022-06-29 13:49:00.564,11493,739.81,32.95,73.07
2022-06-29 13:49:02.579,11494,739.95,32.95,73.07
2022-06-29 13:49:04.579,11495,739.59,32.98,73.10
2022-06-29 13:49:06.579,11496,739.21,32.95,73.07
2022-06-29 13:49:08.595,11497,739.21,32.92,73.08
2022-06-29 13:49:10.595,11498,739.19,32.94,73.06
2022-06-29 13:49:12.611,11499,739.19,32.95,73.05
2022-06-29 13:49:14.611,11500,739.25,32.98,73.08
2022-06-29 13:49:16.611,11501,739.37,32.95,73.07
2022-06-29 13:49:18.626,11502,739.69,32.94,73.10
2022-06-29 13:49:20.626,11503,740.06,32.97,73.12
2022-06-29 13:49:22.642,11504,740.03,32.91,73.09
2022-06-29 13:49:24.642,11505,739.75,32.94,73.13
2022-06-29 13:49:26.642,11506,740.80,32.94,73.13
2022-06-29 13:49:28.658,11507,785.49,32.89,72.90
2022-06-29 13:49:30.658,11508,933.79,32.85,71.43
2022-06-29 13:49:32.673,11509,1480.42,32.82,69.37
2022-06-29 13:49:34.673,11510,4575.15,32.87,67.43
2022-06-29 13:49:36.689,11511,22380.00,32.87,65.88
2022-06-29 13:49:38.689,11512,40000.00,32.85,64.58
2022-06-29 13:49:40.689,11513,40000.00,32.87,64.11
2022-06-29 13:49:42.705,11514,40000.00,32.88,63.64
2022-06-29 13:49:44.705,11515,40000.00,32.88,64.02
2022-06-29 13:49:46.720,11516,40000.00,32.89,64.57
2022-06-29 13:49:48.720,11517,40000.00,32.88,64.91
2022-06-29 13:49:50.720,11518,40000.00,32.91,65.06
2022-06-29 13:49:52.736,11519,40000.00,32.89,65.17
2022-06-29 13:49:54.736,11520,40000.00,32.91,65.19
2022-06-29 13:49:56.752,11521,40000.00,32.88,65.11
2022-06-29 13:49:58.752,11522,40000.00,32.89,65.04
2022-06-29 13:50:00.752,11523,40000.00,32.88,64.92
2022-06-29 13:50:02.767,11524,40000.00,32.89,64.81
2022-06-29 13:50:04.767,11525,40000.00,32.91,64.69
2022-06-29 13:50:06.767,11526,40000.00,32.87,64.50
2022-06-29 13:50:08.783,11527,40000.00,32.85,64.36
2022-06-29 13:50:10.783,11528,40000.00,32.89,64.23
2022-06-29 13:50:12.799,11529,40000.00,32.88,64.13
2022-06-29 13:50:14.799,11530,40000.00,32.88,63.96
2022-06-29 13:50:16.799,11531,40000.00,32.88,63.89
2022-06-29 13:50:18.814,11532,40000.00,32.89,63.74
2022-06-29 13:50:20.814,11533,40000.00,32.87,63.64
2022-06-29 13:50:22.830,11534,40000.00,32.88,63.52
2022-06-29 13:50:24.830,11535,40000.00,32.88,63.44
2022-06-29 13:50:26.830,11536,40000.00,32.87,63.36
2022-06-29 13:50:28.846,11537,40000.00,32.87,63.28
2022-06-29 13:50:30.846,11538,40000.00,32.85,63.18
2022-06-29 13:50:32.846,11539,40000.00,32.85,63.16
2022-06-29 13:50:34.861,11540,40000.00,32.87,63.10
2022-06-29 13:50:36.861,11541,40000.00,32.87,62.99
2022-06-29 13:50:38.877,11542,40000.00,32.87,62.93
2022-06-29 13:50:40.877,11543,40000.00,32.85,62.83
2022-06-29 13:50:42.888,11544,40000.00,32.85,62.79
2022-06-29 13:50:44.895,11545,40000.00,32.87,62.73
2022-06-29 13:50:46.898,11546,40000.00,32.84,62.63
2022-06-29 13:50:48.904,11547,40000.00,32.85,62.58
2022-06-29 13:50:50.911,11548,40000.00,32.85,62.46
2022-06-29 13:50:52.922,11549,40000.00,32.85,62.37
2022-06-29 13:50:54.929,11550,40000.00,32.82,62.34
2022-06-29 13:50:56.937,11551,40000.00,32.85,62.28
2022-06-29 13:50:58.943,11552,40000.00,32.84,62.22
2022-06-29 13:51:00.950,11553,40000.00,32.82,62.17
2022-06-29 13:51:02.957,11554,40000.00,32.82,62.15
2022-06-29 13:51:04.969,11555,40000.00,32.82,62.08
2022-06-29 13:51:06.975,11556,40000.00,32.82,62.01
2022-06-29 13:51:08.982,11557,40000.00,32.82,61.99
2022-06-29 13:51:10.989,11558,40000.00,32.84,61.91
2022-06-29 13:51:12.989,11559,40000.00,32.81,61.85
2022-06-29 13:51:15.007,11560,40000.00,32.82,61.86
2022-06-29 13:51:17.014,11561,40000.00,32.82,61.80
2022-06-29 13:51:19.025,11562,40000.00,32.81,61.80
2022-06-29 13:51:21.032,11563,40000.00,32.84,61.75
2022-06-29 13:51:23.039,11564,40000.00,32.82,61.74
2022-06-29 13:51:25.036,11565,40000.00,32.81,61.73
2022-06-29 13:51:27.057,11566,40000.00,32.79,61.69
2022-06-29 13:51:29.069,11567,40000.00,32.78,61.63
2022-06-29 13:51:31.076,11568,40000.00,32.81,61.62
2022-06-29 13:51:33.082,11569,40000.00,32.81,61.62
2022-06-29 13:51:35.080,11570,40000.00,32.79,61.61
2022-06-29 13:51:37.090,11571,40000.00,32.78,61.60
2022-06-29 13:51:39.105,11572,40000.00,32.81,61.61
2022-06-29 13:51:41.114,11573,40000.00,32.81,61.59
2022-06-29 13:51:43.121,11574,40000.00,32.81,61.56
2022-06-29 13:51:45.121,11575,40000.00,32.79,61.56
2022-06-29 13:51:47.139,11576,40000.00,32.79,61.60
2022-06-29 13:51:49.134,11577,40000.00,32.79,61.53
2022-06-29 13:51:51.153,11578,40000.00,32.78,61.51
2022-06-29 13:51:53.153,11579,40000.00,32.78,61.49
2022-06-29 13:51:55.167,11580,40000.00,32.78,61.58
2022-06-29 13:51:57.174,11581,40000.00,32.78,61.55
2022-06-29 13:51:59.174,11582,40000.00,32.77,61.53
2022-06-29 13:52:01.183,11583,40000.00,32.78,61.52
2022-06-29 13:52:03.191,11584,40000.00,32.78,61.47
2022-06-29 13:52:05.198,11585,40000.00,32.78,61.49
2022-06-29 13:52:07.205,11586,40000.00,32.77,61.50
2022-06-29 13:52:09.208,11587,40000.00,32.77,61.45
2022-06-29 13:52:11.214,11588,40000.00,32.74,61.45
2022-06-29 13:52:13.213,11589,40000.00,32.77,61.47
2022-06-29 13:52:15.225,11590,40000.00,32.78,61.45
2022-06-29 13:52:17.232,11591,40000.00,32.78,61.47
2022-06-29 13:52:19.234,11592,40000.00,32.77,61.45
2022-06-29 13:52:21.246,11593,40000.00,32.75,61.45
2022-06-29 13:52:23.248,11594,40000.00,32.78,61.49
2022-06-29 13:52:25.249,11595,40000.00,32.77,61.50
2022-06-29 13:52:27.250,11596,40000.00,32.77,61.49
2022-06-29 13:52:29.265,11597,40000.00,32.77,61.50
2022-06-29 13:52:31.277,11598,40000.00,32.75,61.48
2022-06-29 13:52:33.280,11599,40000.00,32.74,61.52
2022-06-29 13:52:35.282,11600,40000.00,32.77,61.50
2022-06-29 13:52:37.289,11601,40000.00,32.77,61.53
2022-06-29 13:52:39.296,11602,40000.00,32.74,61.51
2022-06-29 13:52:41.297,11603,40000.00,32.74,61.51
2022-06-29 13:52:43.306,11604,40000.00,32.74,61.53
2022-06-29 13:52:45.309,11605,40000.00,32.77,61.54
2022-06-29 13:52:47.306,11606,40000.00,32.77,61.51
2022-06-29 13:52:49.304,11607,40000.00,32.74,61.55
2022-06-29 13:52:51.325,11608,40000.00,32.75,61.56
2022-06-29 13:52:53.330,11609,40000.00,32.75,61.58
2022-06-29 13:52:55.335,11610,40000.00,32.74,61.61
2022-06-29 13:52:57.341,11611,40000.00,32.73,61.61
2022-06-29 13:52:59.349,11612,40000.00,32.73,61.61
2022-06-29 13:53:01.352,11613,40000.00,32.74,61.65
2022-06-29 13:53:03.359,11614,40000.00,32.74,61.64
2022-06-29 13:53:05.366,11615,40000.00,32.74,61.62
2022-06-29 13:53:07.356,11616,40000.00,32.73,61.65
2022-06-29 13:53:09.376,11617,40000.00,32.73,61.64
2022-06-29 13:53:11.365,11618,40000.00,32.74,61.66
2022-06-29 13:53:13.386,11619,40000.00,32.74,61.67
2022-06-29 13:53:15.393,11620,40000.00,32.74,61.70
2022-06-29 13:53:17.392,11621,40000.00,32.74,61.72
2022-06-29 13:53:19.403,11622,40000.00,32.71,61.70
2022-06-29 13:53:21.399,11623,40000.00,32.75,61.75
2022-06-29 13:53:23.413,11624,40000.00,32.73,61.73
2022-06-29 13:53:25.412,11625,40000.00,32.74,61.78
2022-06-29 13:53:27.423,11626,40000.00,32.71,61.76
2022-06-29 13:53:29.426,11627,40000.00,32.73,61.79
2022-06-29 13:53:31.432,11628,40000.00,32.71,61.77
2022-06-29 13:53:33.439,11629,40000.00,32.73,61.80
2022-06-29 13:53:35.431,11630,40000.00,32.73,61.83
2022-06-29 13:53:37.450,11631,40000.00,32.71,61.86
2022-06-29 13:53:39.456,11632,40000.00,32.73,61.87
2022-06-29 13:53:41.459,11633,40000.00,32.71,61.91
2022-06-29 13:53:43.463,11634,40000.00,32.73,61.91
2022-06-29 13:53:45.469,11635,40000.00,32.74,61.94
2022-06-29 13:53:47.472,11636,40000.00,32.73,61.96
2022-06-29 13:53:49.479,11637,40000.00,32.74,61.95
2022-06-29 13:53:51.481,11638,40000.00,32.71,61.95
2022-06-29 13:53:53.477,11639,40000.00,32.71,61.99
2022-06-29 13:53:55.485,11640,40000.00,32.71,62.00
2022-06-29 13:53:57.494,11641,40000.00,32.71,62.01
2022-06-29 13:53:59.494,11642,40000.00,32.70,62.06
2022-06-29 13:54:01.496,11643,40000.00,32.70,62.07
2022-06-29 13:54:03.494,11644,40000.00,32.70,62.11
2022-06-29 13:54:05.510,11645,40000.00,32.70,62.07
2022-06-29 13:54:07.517,11646,40000.00,32.68,62.07
2022-06-29 13:54:09.519,11647,40000.00,32.70,62.14
2022-06-29 13:54:11.526,11648,40000.00,32.70,62.20
2022-06-29 13:54:13.529,11649,40000.00,32.70,62.19
2022-06-29 13:54:15.532,11650,40000.00,32.70,62.20
2022-06-29 13:54:17.539,11651,40000.00,32.70,62.23
2022-06-29 13:54:19.542,11652,40000.00,32.70,62.24
2022-06-29 13:54:21.549,11653,40000.00,32.68,62.28
2022-06-29 13:54:23.551,11654,40000.00,32.68,62.29
2022-06-29 13:54:25.554,11655,40000.00,32.68,62.31
2022-06-29 13:54:27.561,11656,40000.00,32.70,62.38
2022-06-29 13:54:29.564,11657,40000.00,32.68,62.39
2022-06-29 13:54:31.567,11658,40000.00,32.70,62.42
2022-06-29 13:54:33.574,11659,40000.00,32.67,62.48
2022-06-29 13:54:35.581,11660,40000.00,32.67,62.50
2022-06-29 13:54:37.588,11661,40000.00,32.68,62.54
2022-06-29 13:54:39.591,11662,40000.00,32.70,62.55
2022-06-29 13:54:41.598,11663,40000.00,32.68,62.57
2022-06-29 13:54:43.605,11664,40000.00,32.68,62.62
2022-06-29 13:54:45.608,11665,40000.00,32.70,62.63
2022-06-29 13:54:47.615,11666,40000.00,32.67,62.63
2022-06-29 13:54:49.622,11667,40000.00,32.70,62.66
2022-06-29 13:54:51.624,11668,40000.00,32.67,62.61
2022-06-29 13:54:53.631,11669,40000.00,32.68,62.61
2022-06-29 13:54:55.639,11670,40000.00,32.66,62.63
2022-06-29 13:54:57.642,11671,40000.00,32.68,62.66
2022-06-29 13:54:59.649,11672,40000.00,32.68,62.65
2022-06-29 13:55:01.655,11673,40000.00,32.68,62.70
2022-06-29 13:55:03.659,11674,40000.00,32.70,62.72
2022-06-29 13:55:05.666,11675,40000.00,32.66,62.79
2022-06-29 13:55:07.673,11676,40000.00,32.67,62.79
2022-06-29 13:55:09.679,11677,40000.00,32.66,62.81
2022-06-29 13:55:11.682,11678,40000.00,32.66,62.81
2022-06-29 13:55:13.689,11679,40000.00,32.66,62.82
2022-06-29 13:55:15.696,11680,40000.00,32.68,62.88
2022-06-29 13:55:17.699,11681,40000.00,32.68,62.93
2022-06-29 13:55:19.706,11682,40000.00,32.66,62.95
2022-06-29 13:55:21.713,11683,40000.00,32.67,62.96
2022-06-29 13:55:23.719,11684,40000.00,32.67,63.02
2022-06-29 13:55:25.727,11685,40000.00,32.66,63.04
2022-06-29 13:55:27.734,11686,40000.00,32.66,63.06
2022-06-29 13:55:29.741,11687,40000.00,32.66,63.07
2022-06-29 13:55:31.743,11688,40000.00,32.66,63.15
2022-06-29 13:55:33.750,11689,40000.00,32.67,63.16
2022-06-29 13:55:35.753,11690,40000.00,32.67,63.20
2022-06-29 13:55:37.760,11691,40000.00,32.66,63.21
2022-06-29 13:55:39.763,11692,40000.00,32.66,63.21
2022-06-29 13:55:41.771,11693,40000.00,32.63,63.28
2022-06-29 13:55:43.777,11694,40000.00,32.64,63.27
2022-06-29 13:55:45.780,11695,40000.00,32.67,63.25
2022-06-29 13:55:47.787,11696,40000.00,32.66,63.28
2022-06-29 13:55:49.794,11697,40000.00,32.67,63.34
2022-06-29 13:55:51.801,11698,40000.00,32.66,63.37
2022-06-29 13:55:53.808,11699,40000.00,32.64,63.37
2022-06-29 13:55:55.815,11700,40000.00,32.64,63.42
2022-06-29 13:55:57.822,11701,40000.00,32.63,63.47
2022-06-29 13:55:59.825,11702,40000.00,32.64,63.52
2022-06-29 13:56:01.832,11703,40000.00,32.66,63.55
2022-06-29 13:56:03.839,11704,40000.00,32.66,63.60
2022-06-29 13:56:05.841,11705,40000.00,32.66,63.63
2022-06-29 13:56:07.849,11706,40000.00,32.64,63.66
2022-06-29 13:56:09.856,11707,40000.00,32.63,63.70
2022-06-29 13:56:11.863,11708,40000.00,32.66,63.81
2022-06-29 13:56:13.866,11709,40000.00,32.63,63.81
2022-06-29 13:56:14.869,11710,nan,nan,nan
2022-06-29 13:56:15.873,11711,40000.00,32.64,63.82
2022-06-29 13:56:17.879,11712,40000.00,32.64,63.83
2022-06-29 13:56:19.882,11713,40000.00,32.64,63.89
2022-06-29 13:56:21.890,11714,40000.00,32.64,63.93
2022-06-29 13:56:23.896,11715,40000.00,32.63,63.92
2022-06-29 13:56:25.899,11716,40000.00,32.63,63.94
2022-06-29 13:56:27.906,11717,40000.00,32.61,64.00
2022-06-29 13:56:29.913,11718,40000.00,32.63,64.05
2022-06-29 13:56:31.916,11719,40000.00,32.64,64.09
2022-06-29 13:56:33.923,11720,40000.00,32.64,64.17
2022-06-29 13:56:35.930,11721,40000.00,32.63,64.22
2022-06-29 13:56:37.937,11722,40000.00,32.61,64.26
2022-06-29 13:56:39.940,11723,40000.00,32.61,64.32
2022-06-29 13:56:41.947,11724,40000.00,32.61,64.37
2022-06-29 13:56:43.953,11725,40000.00,32.61,64.42
2022-06-29 13:56:45.957,11726,40000.00,32.63,64.41
2022-06-29 13:56:47.964,11727,40000.00,32.61,64.44
2022-06-29 13:56:49.966,11728,40000.00,32.61,64.52
2022-06-29 13:56:51.973,11729,40000.00,32.61,64.57
2022-06-29 13:56:53.981,11730,40000.00,32.61,64.66
2022-06-29 13:56:55.983,11731,40000.00,32.61,64.70
2022-06-29 13:56:57.990,11732,40000.00,32.63,64.71
2022-06-29 13:56:59.997,11733,40000.00,32.60,64.74
2022-06-29 13:57:02.000,11734,40000.00,32.61,64.77
2022-06-29 13:57:04.007,11735,40000.00,32.60,64.79
2022-06-29 13:57:06.013,11736,40000.00,32.64,64.87
2022-06-29 13:57:08.021,11737,40000.00,32.63,64.90
2022-06-29 13:57:10.028,11738,40000.00,32.61,65.00
2022-06-29 13:57:12.035,11739,40000.00,32.63,65.08
2022-06-29 13:57:14.042,11740,40000.00,32.61,65.11
2022-06-29 13:57:16.045,11741,40000.00,32.61,65.16
2022-06-29 13:57:18.052,11742,40000.00,32.61,65.21
2022-06-29 13:57:20.059,11743,40000.00,32.60,65.26
2022-06-29 13:57:22.066,11744,40000.00,32.60,65.30
2022-06-29 13:57:24.072,11745,40000.00,32.63,65.34
2022-06-29 13:57:26.079,11746,40000.00,32.60,65.37
2022-06-29 13:57:28.087,11747,40000.00,32.60,65.40
2022-06-29 13:57:30.093,11748,40000.00,32.60,65.43
2022-06-29 13:57:32.100,11749,40000.00,32.61,65.46
2022-06-29 13:57:34.107,11750,40000.00,32.60,65.51
2022-06-29 13:57:36.115,11751,40000.00,32.61,65.53
2022-06-29 13:57:38.121,11752,40000.00,32.63,65.54
2022-06-29 13:57:40.128,11753,40000.00,32.57,65.55
2022-06-29 13:57:42.135,11754,40000.00,32.60,65.60
2022-06-29 13:57:44.142,11755,40000.00,32.60,65.63
2022-06-29 13:57:46.149,11756,40000.00,32.60,65.67
2022-06-29 13:57:48.153,11757,40000.00,32.58,65.72
2022-06-29 13:57:50.160,11758,40000.00,32.58,65.79
2022-06-29 13:57:52.166,11759,40000.00,32.60,65.78
2022-06-29 13:57:54.173,11760,40000.00,32.58,65.79
2022-06-29 13:57:56.176,11761,40000.00,32.60,65.81
2022-06-29 13:57:58.183,11762,40000.00,32.58,65.81
2022-06-29 13:58:00.189,11763,40000.00,32.58,65.77
2022-06-29 13:58:02.193,11764,40000.00,32.58,65.83
2022-06-29 13:58:04.199,11765,40000.00,32.58,65.91
2022-06-29 13:58:06.207,11766,40000.00,32.57,65.99
2022-06-29 13:58:08.214,11767,40000.00,32.58,66.04
2022-06-29 13:58:10.216,11768,40000.00,32.57,66.14
2022-06-29 13:58:12.224,11769,40000.00,32.56,66.19
2022-06-29 13:58:14.231,11770,40000.00,32.58,66.22
2022-06-29 13:58:16.233,11771,40000.00,32.57,66.20
2022-06-29 13:58:18.241,11772,40000.00,32.57,66.21
2022-06-29 13:58:20.243,11773,40000.00,32.58,66.26
2022-06-29 13:58:22.250,11774,40000.00,32.58,66.32
2022-06-29 13:58:24.257,11775,40000.00,32.58,66.39
2022-06-29 13:58:26.264,11776,40000.00,32.57,66.41
2022-06-29 13:58:28.271,11777,40000.00,32.56,66.51
2022-06-29 13:58:30.279,11778,40000.00,32.58,66.56
2022-06-29 13:58:32.281,11779,40000.00,32.56,66.64
2022-06-29 13:58:34.288,11780,40000.00,32.57,66.70
2022-06-29 13:58:36.294,11781,40000.00,32.60,66.74
2022-06-29 13:58:38.302,11782,40000.00,32.57,66.78
2022-06-29 13:58:40.309,11783,40000.00,32.56,66.80
2022-06-29 13:58:42.316,11784,40000.00,32.56,66.80
2022-06-29 13:58:44.322,11785,40000.00,32.57,66.85
2022-06-29 13:58:46.329,11786,40000.00,32.54,66.89
2022-06-29 13:58:48.333,11787,40000.00,32.56,66.92
2022-06-29 13:58:50.340,11788,40000.00,32.54,66.97
2022-06-29 13:58:52.347,11789,40000.00,32.54,67.03
2022-06-29 13:58:54.350,11790,40000.00,32.54,67.05
2022-06-29 13:58:56.357,11791,40000.00,32.56,67.11
2022-06-29 13:58:58.363,11792,40000.00,32.53,67.16
2022-06-29 13:59:00.366,11793,40000.00,32.54,67.18
2022-06-29 13:59:02.373,11794,40000.00,32.57,67.21
2022-06-29 13:59:04.380,11795,40000.00,32.53,67.26
2022-06-29 13:59:06.383,11796,40000.00,32.53,67.24
2022-06-29 13:59:08.389,11797,40000.00,32.54,67.28
2022-06-29 13:59:10.393,11798,40000.00,32.54,67.32
2022-06-29 13:59:12.400,11799,40000.00,32.53,67.42
2022-06-29 13:59:14.403,11800,40000.00,32.53,67.45
2022-06-29 13:59:16.410,11801,40000.00,32.53,67.49
2022-06-29 13:59:18.417,11802,40000.00,32.53,67.55
2022-06-29 13:59:20.420,11803,40000.00,32.54,67.61
2022-06-29 13:59:22.427,11804,40000.00,32.53,67.64
2022-06-29 13:59:24.434,11805,40000.00,32.51,67.61
2022-06-29 13:59:26.436,11806,40000.00,32.53,67.64
2022-06-29 13:59:28.443,11807,40000.00,32.53,67.67
2022-06-29 13:59:30.451,11808,40000.00,32.53,67.68
2022-06-29 13:59:32.440,11809,40000.00,32.50,67.66
2022-06-29 13:59:34.456,11810,40000.00,32.51,67.73
2022-06-29 13:59:36.456,11811,40000.00,32.53,67.79
2022-06-29 13:59:38.471,11812,40000.00,32.51,67.83
2022-06-29 13:59:40.471,11813,40000.00,32.53,67.86
2022-06-29 13:59:42.471,11814,40000.00,32.51,67.96
2022-06-29 13:59:44.487,11815,40000.00,32.53,68.00
2022-06-29 13:59:46.487,11816,40000.00,32.50,68.04
2022-06-29 13:59:48.487,11817,40000.00,32.51,68.07
2022-06-29 13:59:50.503,11818,40000.00,32.53,68.10
2022-06-29 13:59:52.503,11819,40000.00,32.53,68.14
2022-06-29 13:59:54.503,11820,40000.00,32.53,68.18
2022-06-29 13:59:56.518,11821,40000.00,32.51,68.20
2022-06-29 13:59:58.518,11822,40000.00,32.51,68.15
2022-06-29 14:00:00.534,11823,40000.00,32.51,68.09
2022-06-29 14:00:02.534,11824,40000.00,32.50,68.06
2022-06-29 14:00:04.535,11825,40000.00,32.50,68.02
2022-06-29 14:00:06.537,11826,40000.00,32.50,68.05
2022-06-29 14:00:08.553,11827,40000.00,32.50,68.05
2022-06-29 14:00:10.553,11828,40000.00,32.50,68.04
2022-06-29 14:00:12.553,11829,40000.00,32.50,68.00
2022-06-29 14:00:14.553,11830,40000.00,32.50,68.00
2022-06-29 14:00:16.568,11831,40000.00,32.49,68.03
2022-06-29 14:00:18.569,11832,40000.00,32.51,68.07
2022-06-29 14:00:20.584,11833,40000.00,32.49,68.10
2022-06-29 14:00:22.584,11834,40000.00,32.49,68.13
2022-06-29 14:00:24.600,11835,40000.00,32.49,68.19
2022-06-29 14:00:26.600,11836,40000.00,32.50,68.21
2022-06-29 14:00:28.615,11837,40000.00,32.49,68.24
2022-06-29 14:00:30.616,11838,40000.00,32.49,68.25
2022-06-29 14:00:32.616,11839,40000.00,32.47,68.25
2022-06-29 14:00:34.631,11840,40000.00,32.47,68.29
2022-06-29 14:00:36.631,11841,40000.00,32.50,68.32
2022-06-29 14:00:38.634,11842,40000.00,32.46,68.35
2022-06-29 14:00:40.650,11843,40000.00,32.47,68.45
2022-06-29 14:00:42.650,11844,40000.00,32.49,68.52
2022-06-29 14:00:44.650,11845,40000.00,32.46,68.59
2022-06-29 14:00:46.666,11846,40000.00,32.49,68.73
2022-06-29 14:00:48.666,11847,40000.00,32.49,68.75
2022-06-29 14:00:50.666,11848,40000.00,32.49,68.75
2022-06-29 14:00:52.681,11849,40000.00,32.47,68.73
2022-06-29 14:00:54.681,11850,40000.00,32.47,68.71
2022-06-29 14:00:56.697,11851,40000.00,32.50,68.70
2022-06-29 14:00:58.697,11852,40000.00,32.49,68.68
2022-06-29 14:01:00.697,11853,40000.00,32.49,68.68
2022-06-29 14:01:02.713,11854,40000.00,32.47,68.69
2022-06-29 14:01:04.713,11855,40000.00,32.47,68.65
2022-06-29 14:01:06.728,11856,40000.00,32.47,68.67
2022-06-29 14:01:08.730,11857,40000.00,32.49,68.68
2022-06-29 14:01:10.731,11858,40000.00,32.49,68.71
2022-06-29 14:01:12.747,11859,40000.00,32.44,68.73
2022-06-29 14:01:14.747,11860,40000.00,32.49,68.75
2022-06-29 14:01:16.763,11861,40000.00,32.49,68.78
2022-06-29 14:01:18.763,11862,40000.00,32.46,68.83
2022-06-29 14:01:20.763,11863,40000.00,32.47,68.88
2022-06-29 14:01:22.778,11864,40000.00,32.46,68.87
2022-06-29 14:01:24.778,11865,40000.00,32.49,68.97
2022-06-29 14:01:26.778,11866,40000.00,32.44,69.00
2022-06-29 14:01:28.794,11867,40000.00,32.47,69.00
2022-06-29 14:01:30.794,11868,40000.00,32.47,69.01
2022-06-29 14:01:32.810,11869,40000.00,32.44,69.06
2022-06-29 14:01:34.810,11870,40000.00,32.46,69.05
2022-06-29 14:01:36.810,11871,40000.00,32.46,69.11
2022-06-29 14:01:38.825,11872,40000.00,32.47,69.11
2022-06-29 14:01:40.825,11873,40000.00,32.46,69.11
2022-06-29 14:01:42.827,11874,40000.00,32.44,69.14
2022-06-29 14:01:44.828,11875,40000.00,32.47,69.21
2022-06-29 14:01:46.844,11876,40000.00,32.44,69.20
2022-06-29 14:01:48.844,11877,40000.00,32.46,69.28
2022-06-29 14:01:50.844,11878,40000.00,32.46,69.31
2022-06-29 14:01:52.859,11879,40000.00,32.46,69.31
2022-06-29 14:01:54.859,11880,40000.00,32.46,69.35
2022-06-29 14:01:56.859,11881,40000.00,32.46,69.40
2022-06-29 14:01:58.875,11882,40000.00,32.44,69.44
2022-06-29 14:02:00.875,11883,40000.00,32.46,69.39
2022-06-29 14:02:02.875,11884,40000.00,32.46,69.39
2022-06-29 14:02:04.891,11885,40000.00,32.46,69.35
2022-06-29 14:02:06.891,11886,40000.00,32.43,69.31
2022-06-29 14:02:08.891,11887,40000.00,32.43,69.32
2022-06-29 14:02:10.906,11888,40000.00,32.44,69.29
2022-06-29 14:02:12.907,11889,40000.00,32.46,69.33
2022-06-29 14:02:14.910,11890,40000.00,32.46,69.33
2022-06-29 14:02:16.910,11891,40000.00,32.46,69.30
2022-06-29 14:02:18.926,11892,40000.00,32.46,69.37
2022-06-29 14:02:20.926,11893,40000.00,32.44,69.34
2022-06-29 14:02:22.926,11894,40000.00,32.46,69.38
2022-06-29 14:02:24.941,11895,40000.00,32.43,69.39
2022-06-29 14:02:26.941,11896,40000.00,32.46,69.39
2022-06-29 14:02:28.941,11897,40000.00,32.41,69.40
2022-06-29 14:02:30.941,11898,40000.00,32.44,69.45
2022-06-29 14:02:32.957,11899,40000.00,32.44,69.44
2022-06-29 14:02:34.957,11900,40000.00,32.43,69.42
2022-06-29 14:02:36.957,11901,40000.00,32.41,69.41
2022-06-29 14:02:38.973,11902,40000.00,32.43,69.44
2022-06-29 14:02:40.973,11903,40000.00,32.46,69.44
2022-06-29 14:02:42.973,11904,40000.00,32.44,69.47
2022-06-29 14:02:44.988,11905,40000.00,32.43,69.45
2022-06-29 14:02:46.992,11906,40000.00,32.41,69.48
2022-06-29 14:02:48.992,11907,40000.00,32.41,69.50
2022-06-29 14:02:50.992,11908,40000.00,32.44,69.54
2022-06-29 14:02:53.008,11909,40000.00,32.44,69.60
2022-06-29 14:02:55.008,11910,40000.00,32.46,69.63
2022-06-29 14:02:57.008,11911,40000.00,32.43,69.69
2022-06-29 14:02:59.023,11912,40000.00,32.43,69.71
2022-06-29 14:03:01.023,11913,40000.00,32.43,69.74
2022-06-29 14:03:03.023,11914,40000.00,32.39,69.78
2022-06-29 14:03:05.023,11915,40000.00,32.43,69.81
2022-06-29 14:03:07.039,11916,40000.00,32.43,69.87
2022-06-29 14:03:09.039,11917,40000.00,32.40,69.87
2022-06-29 14:03:11.039,11918,40000.00,32.40,69.83
2022-06-29 14:03:13.055,11919,40000.00,32.41,69.86
2022-06-29 14:03:15.055,11920,40000.00,32.41,69.88
2022-06-29 14:03:17.055,11921,40000.00,32.41,69.88
2022-06-29 14:03:19.056,11922,40000.00,32.43,69.91
2022-06-29 14:03:21.073,11923,40000.00,32.43,69.93
2022-06-29 14:03:23.073,11924,40000.00,32.41,69.90
2022-06-29 14:03:25.073,11925,40000.00,32.43,69.92
2022-06-29 14:03:27.089,11926,40000.00,32.40,69.93
2022-06-29 14:03:29.089,11927,40000.00,32.41,69.94
2022-06-29 14:03:31.089,11928,40000.00,32.40,69.96
2022-06-29 14:03:33.105,11929,40000.00,32.43,69.95
2022-06-29 14:03:35.105,11930,40000.00,32.43,69.97
2022-06-29 14:03:37.105,11931,40000.00,32.41,70.03
2022-06-29 14:03:39.120,11932,40000.00,32.41,70.00
2022-06-29 14:03:41.120,11933,40000.00,32.41,70.02
2022-06-29 14:03:43.120,11934,40000.00,32.41,70.02
2022-06-29 14:03:45.136,11935,40000.00,32.40,70.02
2022-06-29 14:03:47.136,11936,40000.00,32.39,70.02
2022-06-29 14:03:49.152,11937,40000.00,32.43,70.05
2022-06-29 14:03:51.153,11938,40000.00,32.40,70.11
2022-06-29 14:03:53.155,11939,40000.00,32.43,70.13
2022-06-29 14:03:55.155,11940,40000.00,32.41,70.18
2022-06-29 14:03:57.171,11941,40000.00,32.41,70.16
2022-06-29 14:03:59.171,11942,40000.00,32.41,70.16
2022-06-29 14:04:01.171,11943,40000.00,32.41,70.16
2022-06-29 14:04:03.186,11944,40000.00,32.39,70.14
2022-06-29 14:04:05.187,11945,40000.00,32.41,70.12
2022-06-29 14:04:07.187,11946,40000.00,32.40,70.12
2022-06-29 14:04:09.202,11947,40000.00,32.41,70.12
2022-06-29 14:04:11.202,11948,40000.00,32.39,70.14
2022-06-29 14:04:13.202,11949,40000.00,32.41,70.16
2022-06-29 14:04:15.218,11950,40000.00,32.40,70.15
2022-06-29 14:04:17.218,11951,40000.00,32.40,70.16
2022-06-29 14:04:19.218,11952,40000.00,32.41,70.12
2022-06-29 14:04:21.234,11953,40000.00,32.41,70.12
2022-06-29 14:04:23.235,11954,40000.00,32.41,70.14
2022-06-29 14:04:25.237,11955,40000.00,32.40,70.14
2022-06-29 14:04:27.253,11956,40000.00,32.41,70.20
2022-06-29 14:04:29.253,11957,40000.00,32.41,70.16
2022-06-29 14:04:31.253,11958,40000.00,32.40,70.22
2022-06-29 14:04:33.268,11959,40000.00,32.39,70.23
2022-06-29 14:04:35.268,11960,40000.00,32.41,70.23
2022-06-29 14:04:37.268,11961,40000.00,32.40,70.25
2022-06-29 14:04:39.284,11962,40000.00,32.40,70.25
2022-06-29 14:04:41.284,11963,40000.00,32.40,70.30
2022-06-29 14:04:43.284,11964,40000.00,32.41,70.31
2022-06-29 14:04:45.300,11965,40000.00,32.40,70.34
2022-06-29 14:04:47.300,11966,40000.00,32.37,70.33
2022-06-29 14:04:49.300,11967,40000.00,32.39,70.38
2022-06-29 14:04:51.315,11968,40000.00,32.40,70.44
2022-06-29 14:04:53.315,11969,40000.00,32.40,70.47
2022-06-29 14:04:55.316,11970,40000.00,32.40,70.43
2022-06-29 14:04:57.332,11971,40000.00,32.39,70.37
2022-06-29 14:04:59.334,11972,40000.00,32.37,70.33
2022-06-29 14:05:01.334,11973,40000.00,32.39,70.29
2022-06-29 14:05:03.334,11974,40000.00,32.39,70.29
2022-06-29 14:05:05.350,11975,40000.00,32.39,70.34
2022-06-29 14:05:07.350,11976,40000.00,32.39,70.39
2022-06-29 14:05:09.350,11977,40000.00,32.41,70.50
2022-06-29 14:05:11.350,11978,40000.00,32.39,70.54
2022-06-29 14:05:13.366,11979,40000.00,32.40,70.56
2022-06-29 14:05:15.366,11980,40000.00,32.39,70.62
2022-06-29 14:05:17.366,11981,40000.00,32.39,70.62
2022-06-29 14:05:19.381,11982,40000.00,32.34,70.60
2022-06-29 14:05:21.381,11983,40000.00,32.37,70.56
2022-06-29 14:05:23.381,11984,40000.00,32.40,70.59
2022-06-29 14:05:25.397,11985,40000.00,32.37,70.59
2022-06-29 14:05:27.397,11986,40000.00,32.40,70.59
2022-06-29 14:05:29.397,11987,40000.00,32.37,70.65
2022-06-29 14:05:31.400,11988,40000.00,32.36,70.77
2022-06-29 14:05:33.416,11989,40000.00,32.39,70.90
2022-06-29 14:05:35.416,11990,40000.00,32.37,71.04
2022-06-29 14:05:37.416,11991,40000.00,32.37,71.06
2022-06-29 14:05:39.432,11992,40000.00,32.40,71.09
2022-06-29 14:05:41.432,11993,40000.00,32.39,71.16
2022-06-29 14:05:43.432,11994,40000.00,32.39,71.27
2022-06-29 14:05:45.447,11995,40000.00,32.40,71.21
2022-06-29 14:05:47.447,11996,40000.00,32.36,71.19
2022-06-29 14:05:49.447,11997,40000.00,32.37,71.17
2022-06-29 14:05:51.463,11998,40000.00,32.37,71.17
2022-06-29 14:05:53.463,11999,40000.00,32.37,71.16
2022-06-29 14:05:55.463,12000,40000.00,32.36,71.17
2022-06-29 14:05:57.482,12001,40000.00,32.34,71.18
2022-06-29 14:05:59.482,12002,40000.00,32.37,71.27
2022-06-29 14:06:01.498,12003,40000.00,32.36,71.36
2022-06-29 14:06:03.498,12004,40000.00,32.36,71.39
2022-06-29 14:06:05.501,12005,40000.00,32.36,71.41
2022-06-29 14:06:07.501,12006,40000.00,32.37,71.46
2022-06-29 14:06:09.516,12007,40000.00,32.39,71.47
2022-06-29 14:06:11.516,12008,40000.00,32.37,71.43
2022-06-29 14:06:13.532,12009,40000.00,32.34,71.41
2022-06-29 14:06:15.532,12010,40000.00,32.37,71.37
2022-06-29 14:06:17.532,12011,40000.00,32.36,71.39
2022-06-29 14:06:19.548,12012,40000.00,32.36,71.38
2022-06-29 14:06:21.548,12013,40000.00,32.37,71.34
2022-06-29 14:06:23.548,12014,40000.00,32.36,71.26
2022-06-29 14:06:25.563,12015,40000.00,32.36,71.24
2022-06-29 14:06:27.563,12016,40000.00,32.34,71.18
2022-06-29 14:06:29.579,12017,40000.00,32.36,71.17
2022-06-29 14:06:31.579,12018,40000.00,32.34,71.13
2022-06-29 14:06:33.579,12019,40000.00,32.36,71.05
2022-06-29 14:06:35.595,12020,40000.00,32.37,71.06
2022-06-29 14:06:37.598,12021,40000.00,32.37,71.03
2022-06-29 14:06:39.598,12022,40000.00,32.36,71.03
2022-06-29 14:06:41.598,12023,40000.00,32.36,71.10
2022-06-29 14:06:43.614,12024,40000.00,32.36,71.16
2022-06-29 14:06:45.614,12025,40000.00,32.34,71.15
2022-06-29 14:06:47.629,12026,40000.00,32.31,71.15
2022-06-29 14:06:49.630,12027,40000.00,32.34,71.20
2022-06-29 14:06:51.630,12028,40000.00,32.34,71.19
2022-06-29 14:06:53.630,12029,40000.00,32.34,71.22
2022-06-29 14:06:55.645,12030,40000.00,32.33,71.26
2022-06-29 14:06:57.645,12031,40000.00,32.34,71.23
2022-06-29 14:06:59.645,12032,40000.00,32.36,71.24
2022-06-29 14:07:01.661,12033,40000.00,32.33,71.28
2022-06-29 14:07:03.661,12034,40000.00,32.34,71.27
2022-06-29 14:07:05.677,12035,40000.00,32.34,71.27
2022-06-29 14:07:07.677,12036,40000.00,32.34,71.29
2022-06-29 14:07:09.680,12037,40000.00,32.34,71.28
2022-06-29 14:07:11.680,12038,40000.00,32.34,71.35
2022-06-29 14:07:13.680,12039,40000.00,32.33,71.40
2022-06-29 14:07:15.695,12040,40000.00,32.31,71.41
2022-06-29 14:07:17.695,12041,40000.00,32.33,71.44
2022-06-29 14:07:19.695,12042,40000.00,32.31,71.50
2022-06-29 14:07:21.711,12043,40000.00,32.34,71.53
2022-06-29 14:07:23.711,12044,40000.00,32.34,71.55
2022-06-29 14:07:25.711,12045,40000.00,32.31,71.59
2022-06-29 14:07:27.727,12046,40000.00,32.33,71.65
2022-06-29 14:07:29.727,12047,40000.00,32.33,71.67
2022-06-29 14:07:31.727,12048,40000.00,32.34,71.71
2022-06-29 14:07:33.727,12049,40000.00,32.34,71.75
2022-06-29 14:07:35.742,12050,40000.00,32.33,71.73
2022-06-29 14:07:37.742,12051,40000.00,32.34,71.76
2022-06-29 14:07:39.758,12052,40000.00,32.33,71.79
2022-06-29 14:07:41.759,12053,40000.00,32.30,71.88
2022-06-29 14:07:43.761,12054,40000.00,32.33,71.87
2022-06-29 14:07:45.761,12055,40000.00,32.31,71.83
2022-06-29 14:07:47.777,12056,40000.00,32.33,71.88
2022-06-29 14:07:49.777,12057,40000.00,32.31,71.89
2022-06-29 14:07:51.777,12058,40000.00,32.30,71.88
2022-06-29 14:07:53.793,12059,40000.00,32.29,71.82
2022-06-29 14:07:55.793,12060,40000.00,32.31,71.76
2022-06-29 14:07:57.793,12061,40000.00,32.31,71.75
2022-06-29 14:07:59.793,12062,40000.00,32.31,71.68
2022-06-29 14:08:01.808,12063,40000.00,32.31,71.72
2022-06-29 14:08:03.808,12064,40000.00,32.33,71.73
2022-06-29 14:08:05.824,12065,40000.00,32.29,71.71
2022-06-29 14:08:07.824,12066,40000.00,32.31,71.67
2022-06-29 14:08:09.824,12067,40000.00,32.30,71.56
2022-06-29 14:08:11.826,12068,40000.00,32.29,71.50
2022-06-29 14:08:13.827,12069,40000.00,32.31,71.50
2022-06-29 14:08:15.844,12070,40000.00,32.30,71.46
2022-06-29 14:08:17.844,12071,40000.00,32.33,71.43
2022-06-29 14:08:19.844,12072,40000.00,32.31,71.44
2022-06-29 14:08:21.844,12073,40000.00,32.29,71.44
2022-06-29 14:08:23.860,12074,40000.00,32.30,71.44
2022-06-29 14:08:25.860,12075,40000.00,32.30,71.46
2022-06-29 14:08:27.876,12076,40000.00,32.30,71.50
2022-06-29 14:08:29.876,12077,40000.00,32.29,71.51
2022-06-29 14:08:31.876,12078,40000.00,32.30,71.58
2022-06-29 14:08:33.876,12079,40000.00,32.30,71.60
2022-06-29 14:08:35.891,12080,40000.00,32.30,71.69
2022-06-29 14:08:37.891,12081,40000.00,32.30,71.77
2022-06-29 14:08:39.891,12082,40000.00,32.29,71.82
2022-06-29 14:08:41.907,12083,40000.00,32.29,71.87
2022-06-29 14:08:43.907,12084,40000.00,32.27,71.91
2022-06-29 14:08:45.907,12085,40000.00,32.30,71.97
2022-06-29 14:08:47.910,12086,40000.00,32.30,72.00
2022-06-29 14:08:49.926,12087,40000.00,32.30,72.00
2022-06-29 14:08:51.926,12088,40000.00,32.27,72.03
2022-06-29 14:08:53.942,12089,40000.00,32.29,72.04
2022-06-29 14:08:55.942,12090,40000.00,32.30,72.06
2022-06-29 14:08:57.942,12091,40000.00,32.30,72.05
2022-06-29 14:08:59.942,12092,40000.00,32.27,72.03
2022-06-29 14:09:01.957,12093,40000.00,32.29,71.96
2022-06-29 14:09:03.957,12094,40000.00,32.29,71.93
2022-06-29 14:09:05.957,12095,40000.00,32.27,71.87
2022-06-29 14:09:07.973,12096,40000.00,32.27,71.86
2022-06-29 14:09:09.973,12097,40000.00,32.29,71.84
2022-06-29 14:09:11.973,12098,40000.00,32.27,71.81
2022-06-29 14:09:13.989,12099,40000.00,32.27,71.77
2022-06-29 14:09:15.989,12100,40000.00,32.27,71.79
2022-06-29 14:09:17.989,12101,40000.00,32.27,71.75
2022-06-29 14:09:19.991,12102,40000.00,32.27,71.74
2022-06-29 14:09:22.009,12103,40000.00,32.27,71.69
2022-06-29 14:09:24.003,12104,40000.00,32.27,71.71
2022-06-29 14:09:26.020,12105,40000.00,32.26,71.78
2022-06-29 14:09:28.027,12106,40000.00,32.26,71.83
2022-06-29 14:09:30.027,12107,40000.00,32.27,71.87
2022-06-29 14:09:32.027,12108,40000.00,32.29,71.90
2022-06-29 14:09:34.042,12109,40000.00,32.27,71.88
2022-06-29 14:09:36.042,12110,40000.00,32.26,71.91
2022-06-29 14:09:38.058,12111,40000.00,32.26,71.98
2022-06-29 14:09:40.058,12112,40000.00,32.24,72.00
2022-06-29 14:09:42.058,12113,40000.00,32.24,72.05
2022-06-29 14:09:44.058,12114,40000.00,32.27,72.04
2022-06-29 14:09:46.074,12115,40000.00,32.24,71.96
2022-06-29 14:09:48.074,12116,40000.00,32.26,71.92
2022-06-29 14:09:50.084,12117,40000.00,32.26,71.91
2022-06-29 14:09:52.086,12118,40000.00,32.27,71.87
2022-06-29 14:09:54.087,12119,40000.00,32.26,71.84
2022-06-29 14:09:56.103,12120,40000.00,32.26,71.85
2022-06-29 14:09:58.103,12121,40000.00,32.27,71.90
2022-06-29 14:10:00.103,12122,40000.00,32.27,71.85
2022-06-29 14:10:02.119,12123,40000.00,32.24,71.92
2022-06-29 14:10:04.123,12124,40000.00,32.26,71.91
2022-06-29 14:10:06.121,12125,40000.00,32.26,71.95
2022-06-29 14:10:08.131,12126,40000.00,32.26,72.00
2022-06-29 14:10:10.131,12127,40000.00,32.26,72.02
2022-06-29 14:10:12.141,12128,40000.00,32.24,72.10
2022-06-29 14:10:14.141,12129,40000.00,32.26,72.14
2022-06-29 14:10:16.156,12130,40000.00,32.24,72.17
2022-06-29 14:10:18.156,12131,40000.00,32.24,72.23
2022-06-29 14:10:20.172,12132,40000.00,32.23,72.32
2022-06-29 14:10:22.172,12133,40000.00,32.24,72.33
2022-06-29 14:10:24.172,12134,40000.00,32.23,72.30
2022-06-29 14:10:26.188,12135,40000.00,32.23,72.25
2022-06-29 14:10:28.189,12136,40000.00,32.27,72.27
2022-06-29 14:10:30.191,12137,40000.00,32.23,72.25
2022-06-29 14:10:32.191,12138,40000.00,32.23,72.33
2022-06-29 14:10:34.206,12139,40000.00,32.22,72.32
2022-06-29 14:10:36.206,12140,40000.00,32.22,72.42
2022-06-29 14:10:38.207,12141,40000.00,32.23,72.37
2022-06-29 14:10:40.222,12142,40000.00,32.22,72.37
2022-06-29 14:10:42.222,12143,40000.00,32.22,72.43
2022-06-29 14:10:44.222,12144,40000.00,32.23,72.38
2022-06-29 14:10:46.238,12145,40000.00,32.23,72.35
2022-06-29 14:10:48.238,12146,40000.00,32.22,72.31
2022-06-29 14:10:50.238,12147,40000.00,32.22,72.30
2022-06-29 14:10:52.254,12148,40000.00,32.23,72.32
2022-06-29 14:10:54.254,12149,40000.00,32.24,72.32
2022-06-29 14:10:56.254,12150,40000.00,32.23,72.37
2022-06-29 14:10:58.254,12151,40000.00,32.22,72.41
2022-06-29 14:11:00.271,12152,40000.00,32.24,72.40
2022-06-29 14:11:02.274,12153,40000.00,32.23,72.46
2022-06-29 14:11:04.274,12154,40000.00,32.22,72.46
2022-06-29 14:11:06.274,12155,40000.00,32.23,72.55
2022-06-29 14:11:08.274,12156,40000.00,32.22,72.55
2022-06-29 14:11:10.289,12157,40000.00,32.22,72.61
2022-06-29 14:11:12.289,12158,40000.00,32.23,72.63
2022-06-29 14:11:14.289,12159,40000.00,32.22,72.62
2022-06-29 14:11:16.305,12160,40000.00,32.20,72.67
2022-06-29 14:11:18.305,12161,40000.00,32.23,72.69
2022-06-29 14:11:20.305,12162,40000.00,32.20,72.69
2022-06-29 14:11:22.321,12163,40000.00,32.24,72.70
2022-06-29 14:11:24.321,12164,40000.00,32.22,72.68
2022-06-29 14:11:26.321,12165,40000.00,32.20,72.67
2022-06-29 14:11:28.336,12166,40000.00,32.20,72.62
2022-06-29 14:11:30.336,12167,40000.00,32.22,72.68
2022-06-29 14:11:32.336,12168,40000.00,32.20,72.71
2022-06-29 14:11:34.339,12169,40000.00,32.22,72.71
2022-06-29 14:11:36.355,12170,40000.00,32.22,72.70
2022-06-29 14:11:38.355,12171,40000.00,32.22,72.70
2022-06-29 14:11:40.355,12172,40000.00,32.23,72.70
2022-06-29 14:11:42.355,12173,40000.00,32.19,72.70
2022-06-29 14:11:44.371,12174,40000.00,32.19,72.67
2022-06-29 14:11:46.371,12175,40000.00,32.22,72.60
2022-06-29 14:11:48.371,12176,40000.00,32.19,72.53
2022-06-29 14:11:50.371,12177,40000.00,32.19,72.51
2022-06-29 14:11:52.387,12178,40000.00,32.20,72.48
2022-06-29 14:11:54.387,12179,40000.00,32.20,72.49
2022-06-29 14:11:56.387,12180,40000.00,32.22,72.49
2022-06-29 14:11:58.402,12181,40000.00,32.20,72.42
2022-06-29 14:12:00.402,12182,40000.00,32.20,72.42
2022-06-29 14:12:02.402,12183,40000.00,32.20,72.43
2022-06-29 14:12:04.402,12184,40000.00,32.20,72.41
2022-06-29 14:12:06.418,12185,40000.00,32.19,72.47
2022-06-29 14:12:08.422,12186,40000.00,32.20,72.48
2022-06-29 14:12:10.422,12187,40000.00,32.20,72.52
2022-06-29 14:12:12.422,12188,40000.00,32.18,72.63
2022-06-29 14:12:14.437,12189,40000.00,32.19,72.78
2022-06-29 14:12:16.437,12190,40000.00,32.20,72.83
2022-06-29 14:12:18.437,12191,40000.00,32.19,72.90
2022-06-29 14:12:20.437,12192,40000.00,32.19,73.03
2022-06-29 14:12:22.453,12193,40000.00,32.19,73.09
2022-06-29 14:12:24.453,12194,40000.00,32.19,73.15
2022-06-29 14:12:26.453,12195,40000.00,32.19,73.12
2022-06-29 14:12:28.469,12196,40000.00,32.20,73.09
2022-06-29 14:12:30.469,12197,40000.00,32.19,73.11
2022-06-29 14:12:32.469,12198,40000.00,32.20,73.09
2022-06-29 14:12:34.484,12199,40000.00,32.19,73.13
2022-06-29 14:12:36.484,12200,40000.00,32.19,73.13
2022-06-29 14:12:38.484,12201,40000.00,32.20,73.12
2022-06-29 14:12:40.486,12202,40000.00,32.20,73.06
2022-06-29 14:12:42.503,12203,40000.00,32.19,73.01
2022-06-29 14:12:44.503,12204,40000.00,32.18,72.91
2022-06-29 14:12:46.503,12205,40000.00,32.18,72.89
2022-06-29 14:12:48.519,12206,40000.00,32.18,72.87
2022-06-29 14:12:50.519,12207,40000.00,32.16,73.02
2022-06-29 14:12:52.519,12208,40000.00,32.16,73.09
2022-06-29 14:12:54.535,12209,40000.00,32.18,73.15
2022-06-29 14:12:56.535,12210,40000.00,32.18,73.13
2022-06-29 14:12:58.535,12211,40000.00,32.19,73.17
2022-06-29 14:13:00.535,12212,40000.00,32.18,73.19
2022-06-29 14:13:02.550,12213,40000.00,32.18,73.17
2022-06-29 14:13:04.550,12214,40000.00,32.16,73.15
2022-06-29 14:13:06.566,12215,40000.00,32.16,73.08
2022-06-29 14:13:08.566,12216,40000.00,32.16,73.10
2022-06-29 14:13:10.566,12217,40000.00,32.16,73.10
2022-06-29 14:13:12.582,12218,40000.00,32.16,73.05
2022-06-29 14:13:14.583,12219,40000.00,32.18,72.98
2022-06-29 14:13:16.585,12220,40000.00,32.16,72.89
2022-06-29 14:13:18.585,12221,40000.00,32.18,72.87
2022-06-29 14:13:20.600,12222,40000.00,32.18,72.82
2022-06-29 14:13:22.600,12223,40000.00,32.15,72.83
2022-06-29 14:13:24.600,12224,40000.00,32.19,72.81
2022-06-29 14:13:26.616,12225,40000.00,32.16,72.78
2022-06-29 14:13:28.616,12226,40000.00,32.15,72.80
2022-06-29 14:13:30.616,12227,40000.00,32.16,72.78
2022-06-29 14:13:32.616,12228,40000.00,32.18,72.74
2022-06-29 14:13:34.632,12229,40000.00,32.16,72.72
2022-06-29 14:13:36.632,12230,40000.00,32.16,72.76
2022-06-29 14:13:38.632,12231,40000.00,32.13,72.80
2022-06-29 14:13:40.632,12232,40000.00,32.16,72.88
2022-06-29 14:13:42.649,12233,40000.00,32.16,72.94
2022-06-29 14:13:44.649,12234,40000.00,32.15,72.97
2022-06-29 14:13:46.650,12235,40000.00,32.18,73.10
2022-06-29 14:13:48.667,12236,40000.00,32.16,73.18
2022-06-29 14:13:50.667,12237,40000.00,32.16,73.30
2022-06-29 14:13:52.667,12238,40000.00,32.16,73.34
2022-06-29 14:13:54.683,12239,40000.00,32.16,73.41
2022-06-29 14:13:56.683,12240,40000.00,32.15,73.41
2022-06-29 14:13:58.683,12241,40000.00,32.15,73.46
2022-06-29 14:14:00.683,12242,40000.00,32.13,73.46
2022-06-29 14:14:02.683,12243,40000.00,32.16,73.49
2022-06-29 14:14:04.699,12244,40000.00,32.18,73.57
2022-06-29 14:14:06.699,12245,40000.00,32.16,73.59
2022-06-29 14:14:08.699,12246,40000.00,32.13,73.57
2022-06-29 14:14:10.699,12247,40000.00,32.15,73.52
2022-06-29 14:14:12.699,12248,40000.00,32.15,73.48
2022-06-29 14:14:14.714,12249,40000.00,32.15,73.47
2022-06-29 14:14:16.714,12250,40000.00,32.15,73.45
2022-06-29 14:14:18.715,12251,40000.00,32.15,73.47
2022-06-29 14:14:20.733,12252,40000.00,32.15,73.51
2022-06-29 14:14:22.733,12253,40000.00,32.13,73.52
2022-06-29 14:14:24.733,12254,40000.00,32.15,73.57
2022-06-29 14:14:26.733,12255,40000.00,32.15,73.66
2022-06-29 14:14:28.749,12256,40000.00,32.15,73.69
2022-06-29 14:14:30.749,12257,40000.00,32.13,73.68
2022-06-29 14:14:32.749,12258,40000.00,32.13,73.61
2022-06-29 14:14:34.765,12259,40000.00,32.15,73.59
2022-06-29 14:14:36.765,12260,40000.00,32.13,73.67
2022-06-29 14:14:38.780,12261,40000.00,32.15,73.70
2022-06-29 14:14:40.780,12262,40000.00,32.12,73.69
2022-06-29 14:14:42.781,12263,40000.00,32.15,73.68
2022-06-29 14:14:44.781,12264,40000.00,32.12,73.67
2022-06-29 14:14:46.796,12265,40000.00,32.12,73.65
2022-06-29 14:14:48.796,12266,40000.00,32.13,73.64
2022-06-29 14:14:50.796,12267,40000.00,32.13,73.63
2022-06-29 14:14:52.812,12268,40000.00,32.12,73.61
2022-06-29 14:14:54.815,12269,40000.00,32.12,73.60
2022-06-29 14:14:56.815,12270,40000.00,32.13,73.52
2022-06-29 14:14:58.815,12271,40000.00,32.13,73.52
2022-06-29 14:15:00.815,12272,40000.00,32.12,73.52
2022-06-29 14:15:02.830,12273,40000.00,32.12,73.52
2022-06-29 14:15:04.830,12274,40000.00,32.13,73.54
2022-06-29 14:15:06.830,12275,40000.00,32.12,73.52
2022-06-29 14:15:08.846,12276,40000.00,32.12,73.56
2022-06-29 14:15:10.846,12277,40000.00,32.13,73.60
2022-06-29 14:15:12.846,12278,40000.00,32.10,73.66
2022-06-29 14:15:14.846,12279,40000.00,32.10,73.67
2022-06-29 14:15:16.862,12280,40000.00,32.13,73.74
2022-06-29 14:15:18.862,12281,40000.00,32.10,73.77
2022-06-29 14:15:20.862,12282,40000.00,32.10,73.80
2022-06-29 14:15:22.862,12283,40000.00,32.10,73.81
2022-06-29 14:15:24.878,12284,40000.00,32.12,73.81
2022-06-29 14:15:26.879,12285,40000.00,32.13,73.77
2022-06-29 14:15:28.881,12286,40000.00,32.13,73.69
2022-06-29 14:15:30.881,12287,40000.00,32.13,73.65
2022-06-29 14:15:32.881,12288,40000.00,32.12,73.55
2022-06-29 14:15:34.897,12289,40000.00,32.12,73.45
2022-06-29 14:15:36.897,12290,40000.00,32.12,73.43
2022-06-29 14:15:38.897,12291,40000.00,32.10,73.47
2022-06-29 14:15:40.902,12292,40000.00,32.10,73.53
2022-06-29 14:15:42.921,12293,40000.00,32.09,73.60
2022-06-29 14:15:44.921,12294,40000.00,32.10,73.67
2022-06-29 14:15:46.921,12295,40000.00,32.09,73.77
2022-06-29 14:15:48.933,12296,40000.00,32.10,73.85
2022-06-29 14:15:50.933,12297,40000.00,32.10,73.81
2022-06-29 14:15:52.948,12298,40000.00,32.10,73.75
2022-06-29 14:15:54.948,12299,40000.00,32.10,73.68
2022-06-29 14:15:56.948,12300,40000.00,32.12,73.66
2022-06-29 14:15:58.964,12301,40000.00,32.10,73.67
2022-06-29 14:16:00.967,12302,40000.00,32.10,73.64
2022-06-29 14:16:02.967,12303,40000.00,32.10,73.54
2022-06-29 14:16:04.983,12304,40000.00,32.12,73.48
2022-06-29 14:16:06.983,12305,40000.00,32.10,73.44
2022-06-29 14:16:08.983,12306,40000.00,32.08,73.39
2022-06-29 14:16:10.998,12307,40000.00,32.10,73.32
2022-06-29 14:16:12.998,12308,40000.00,32.10,73.23
2022-06-29 14:16:15.006,12309,40000.00,32.09,73.22
2022-06-29 14:16:17.006,12310,40000.00,32.09,73.23
2022-06-29 14:16:19.021,12311,40000.00,32.12,73.26
2022-06-29 14:16:21.021,12312,40000.00,32.09,73.30
2022-06-29 14:16:23.022,12313,40000.00,32.09,73.37
2022-06-29 14:16:25.037,12314,40000.00,32.09,73.51
2022-06-29 14:16:27.037,12315,40000.00,32.09,73.58
2022-06-29 14:16:29.053,12316,40000.00,32.09,73.66
2022-06-29 14:16:31.053,12317,40000.00,32.09,73.74
2022-06-29 14:16:33.057,12318,40000.00,32.06,73.82
2022-06-29 14:16:35.057,12319,40000.00,32.10,73.88
2022-06-29 14:16:37.073,12320,40000.00,32.06,73.83
2022-06-29 14:16:39.073,12321,40000.00,32.09,73.82
2022-06-29 14:16:41.073,12322,40000.00,32.08,73.84
2022-06-29 14:16:43.073,12323,40000.00,32.05,73.83
2022-06-29 14:16:45.088,12324,40000.00,32.06,73.75
2022-06-29 14:16:47.088,12325,40000.00,32.08,73.68
2022-06-29 14:16:49.088,12326,40000.00,32.09,73.74
2022-06-29 14:16:51.104,12327,40000.00,32.08,73.81
2022-06-29 14:16:53.104,12328,40000.00,32.08,73.92
2022-06-29 14:16:55.120,12329,40000.00,32.09,74.03
2022-06-29 14:16:57.120,12330,40000.00,32.09,74.08
2022-06-29 14:16:59.120,12331,40000.00,32.05,74.06
2022-06-29 14:17:01.120,12332,40000.00,32.09,74.05
2022-06-29 14:17:03.138,12333,40000.00,32.06,74.02
2022-06-29 14:17:05.140,12334,40000.00,32.08,74.06
2022-06-29 14:17:07.140,12335,40000.00,32.06,74.17
2022-06-29 14:17:09.140,12336,40000.00,32.06,74.20
2022-06-29 14:17:11.156,12337,40000.00,32.06,74.24
2022-06-29 14:17:13.156,12338,40000.00,32.06,74.22
2022-06-29 14:17:15.156,12339,40000.00,32.05,74.22
2022-06-29 14:17:17.172,12340,40000.00,32.08,74.17
2022-06-29 14:17:19.172,12341,40000.00,32.08,74.15
2022-06-29 14:17:21.172,12342,40000.00,32.06,74.14
2022-06-29 14:17:23.187,12343,40000.00,32.05,74.11
2022-06-29 14:17:25.192,12344,40000.00,32.06,74.12
2022-06-29 14:17:27.192,12345,40000.00,32.06,74.14
2022-06-29 14:17:29.192,12346,40000.00,32.06,74.17
2022-06-29 14:17:31.208,12347,40000.00,32.05,74.15
2022-06-29 14:17:33.208,12348,40000.00,32.06,74.22
2022-06-29 14:17:35.208,12349,40000.00,32.06,74.19
2022-06-29 14:17:37.225,12350,40000.00,32.05,74.21
2022-06-29 14:17:39.227,12351,40000.00,32.05,74.23
2022-06-29 14:17:41.227,12352,40000.00,32.05,74.24
2022-06-29 14:17:43.227,12353,40000.00,32.05,74.22
2022-06-29 14:17:45.242,12354,40000.00,32.05,74.20
2022-06-29 14:17:47.242,12355,40000.00,32.08,74.28
2022-06-29 14:17:49.242,12356,40000.00,32.05,74.31
2022-06-29 14:17:51.242,12357,40000.00,32.05,74.30
2022-06-29 14:17:53.258,12358,40000.00,32.06,74.30
2022-06-29 14:17:55.258,12359,40000.00,32.05,74.34
2022-06-29 14:17:57.258,12360,40000.00,32.03,74.35
2022-06-29 14:17:59.274,12361,40000.00,32.05,74.34
2022-06-29 14:18:01.274,12362,40000.00,32.06,74.33
2022-06-29 14:18:03.274,12363,40000.00,32.05,74.37
2022-06-29 14:18:05.289,12364,40000.00,32.05,74.40
2022-06-29 14:18:07.289,12365,40000.00,32.08,74.43
2022-06-29 14:18:09.290,12366,40000.00,32.06,74.42
2022-06-29 14:18:11.293,12367,40000.00,32.03,74.47
2022-06-29 14:18:13.293,12368,40000.00,32.06,74.45
2022-06-29 14:18:15.308,12369,40000.00,32.03,74.44
2022-06-29 14:18:17.308,12370,40000.00,32.06,74.45
2022-06-29 14:18:19.309,12371,40000.00,32.03,74.43
2022-06-29 14:18:21.324,12372,40000.00,32.03,74.43
2022-06-29 14:18:23.324,12373,40000.00,32.05,74.46
2022-06-29 14:18:25.324,12374,40000.00,32.05,74.46
2022-06-29 14:18:27.340,12375,40000.00,32.05,74.46
2022-06-29 14:18:29.340,12376,40000.00,32.05,74.40
2022-06-29 14:18:31.356,12377,40000.00,32.05,74.34
2022-06-29 14:18:33.355,12378,40000.00,32.03,74.32
2022-06-29 14:18:35.356,12379,40000.00,32.05,74.31
2022-06-29 14:18:37.356,12380,40000.00,32.00,74.28
2022-06-29 14:18:39.371,12381,40000.00,32.03,74.20
2022-06-29 14:18:41.371,12382,40000.00,32.02,74.16
2022-06-29 14:18:43.374,12383,40000.00,32.03,74.05
2022-06-29 14:18:45.374,12384,40000.00,32.03,74.00
2022-06-29 14:18:47.390,12385,40000.00,32.03,74.06
2022-06-29 14:18:49.390,12386,40000.00,32.02,74.11
2022-06-29 14:18:51.390,12387,40000.00,32.02,74.28
2022-06-29 14:18:53.406,12388,40000.00,32.03,74.37
2022-06-29 14:18:55.406,12389,40000.00,32.02,74.39
2022-06-29 14:18:57.421,12390,40000.00,32.03,74.40
2022-06-29 14:18:59.421,12391,40000.00,32.00,74.37
2022-06-29 14:19:01.421,12392,40000.00,32.03,74.32
2022-06-29 14:19:03.437,12393,40000.00,32.02,74.30
2022-06-29 14:19:05.437,12394,40000.00,32.03,74.33
2022-06-29 14:19:07.437,12395,40000.00,32.05,74.36
2022-06-29 14:19:09.437,12396,40000.00,32.00,74.33
2022-06-29 14:19:11.453,12397,40000.00,32.00,74.31
2022-06-29 14:19:13.453,12398,40000.00,32.00,74.34
2022-06-29 14:19:15.454,12399,40000.00,32.00,74.36
2022-06-29 14:19:17.456,12400,40000.00,32.03,74.32
2022-06-29 14:19:19.456,12401,40000.00,32.02,74.31
2022-06-29 14:19:21.472,12402,40000.00,32.00,74.28
2022-06-29 14:19:23.472,12403,40000.00,32.02,74.32
2022-06-29 14:19:25.472,12404,40000.00,32.00,74.36
2022-06-29 14:19:27.487,12405,40000.00,31.99,74.43
2022-06-29 14:19:29.487,12406,40000.00,32.02,74.48
2022-06-29 14:19:31.487,12407,40000.00,32.03,74.55
2022-06-29 14:19:33.487,12408,40000.00,31.97,74.56
2022-06-29 14:19:35.503,12409,40000.00,32.02,74.53
2022-06-29 14:19:37.503,12410,40000.00,32.02,74.54
2022-06-29 14:19:39.503,12411,40000.00,32.00,74.58
2022-06-29 14:19:41.519,12412,40000.00,31.99,74.55
2022-06-29 14:19:43.519,12413,40000.00,32.00,74.59
2022-06-29 14:19:45.519,12414,40000.00,32.00,74.54
2022-06-29 14:19:47.520,12415,40000.00,32.02,74.56
2022-06-29 14:19:49.537,12416,40000.00,32.02,74.52
2022-06-29 14:19:51.537,12417,40000.00,31.99,74.51
2022-06-29 14:19:53.537,12418,40000.00,32.00,74.53
2022-06-29 14:19:55.553,12419,40000.00,32.00,74.52
2022-06-29 14:19:57.553,12420,40000.00,32.00,74.51
2022-06-29 14:19:59.553,12421,40000.00,31.99,74.46
2022-06-29 14:20:01.553,12422,40000.00,31.99,74.36
2022-06-29 14:20:03.569,12423,40000.00,32.00,74.38
2022-06-29 14:20:05.569,12424,40000.00,31.99,74.38
2022-06-29 14:20:07.569,12425,40000.00,32.00,74.43
2022-06-29 14:20:09.569,12426,40000.00,31.99,74.39
2022-06-29 14:20:11.584,12427,40000.00,32.02,74.46
2022-06-29 14:20:13.585,12428,40000.00,31.99,74.49
2022-06-29 14:20:15.585,12429,40000.00,31.99,74.57
2022-06-29 14:20:17.600,12430,40000.00,32.00,74.65
2022-06-29 14:20:19.600,12431,40000.00,32.02,74.73
2022-06-29 14:20:21.603,12432,40000.00,32.02,74.69
2022-06-29 14:20:23.604,12433,40000.00,31.99,74.68
2022-06-29 14:20:25.604,12434,40000.00,32.00,74.67
2022-06-29 14:20:27.619,12435,40000.00,31.99,74.67
2022-06-29 14:20:29.619,12436,40000.00,31.99,74.64
2022-06-29 14:20:31.619,12437,40000.00,31.99,74.66
2022-06-29 14:20:33.635,12438,40000.00,31.96,74.69
2022-06-29 14:20:35.635,12439,40000.00,31.97,74.69
2022-06-29 14:20:37.635,12440,40000.00,31.96,74.63
2022-06-29 14:20:39.651,12441,40000.00,31.97,74.58
2022-06-29 14:20:41.651,12442,40000.00,31.96,74.54
2022-06-29 14:20:43.651,12443,40000.00,31.97,74.52
2022-06-29 14:20:45.651,12444,40000.00,31.97,74.57
2022-06-29 14:20:47.667,12445,40000.00,31.97,74.62
2022-06-29 14:20:49.667,12446,40000.00,31.99,74.64
2022-06-29 14:20:51.667,12447,40000.00,31.97,74.63
2022-06-29 14:20:53.684,12448,40000.00,31.96,74.53
2022-06-29 14:20:55.685,12449,40000.00,31.97,74.57
2022-06-29 14:20:57.685,12450,40000.00,31.99,74.58
2022-06-29 14:20:59.701,12451,40000.00,31.99,74.56
2022-06-29 14:21:01.701,12452,40000.00,31.99,74.52
2022-06-29 14:21:03.701,12453,40000.00,31.97,74.44
2022-06-29 14:21:05.717,12454,40000.00,31.97,74.42
2022-06-29 14:21:07.717,12455,40000.00,31.97,74.37
2022-06-29 14:21:09.717,12456,40000.00,31.96,74.34
2022-06-29 14:21:11.732,12457,40000.00,31.97,74.33
2022-06-29 14:21:13.732,12458,40000.00,31.97,74.37
2022-06-29 14:21:15.732,12459,40000.00,31.96,74.38
2022-06-29 14:21:17.748,12460,40000.00,31.97,74.40
2022-06-29 14:21:19.748,12461,40000.00,31.97,74.45
2022-06-29 14:21:21.748,12462,40000.00,31.95,74.55
2022-06-29 14:21:23.748,12463,40000.00,31.96,74.65
2022-06-29 14:21:25.765,12464,40000.00,31.97,74.69
2022-06-29 14:21:27.766,12465,40000.00,31.95,74.74
2022-06-29 14:21:29.766,12466,40000.00,31.97,74.78
2022-06-29 14:21:31.782,12467,40000.00,31.95,74.77
2022-06-29 14:21:33.782,12468,40000.00,31.95,74.74
2022-06-29 14:21:35.782,12469,40000.00,31.96,74.72
2022-06-29 14:21:37.795,12470,40000.00,31.93,74.69
2022-06-29 14:21:39.799,12471,40000.00,31.95,74.64
2022-06-29 14:21:41.805,12472,40000.00,31.96,74.57
2022-06-29 14:21:43.797,12473,40000.00,31.95,74.51
2022-06-29 14:21:45.813,12474,40000.00,31.96,74.49
2022-06-29 14:21:47.816,12475,40000.00,31.96,74.45
2022-06-29 14:21:49.816,12476,40000.00,31.97,74.46
2022-06-29 14:21:51.831,12477,40000.00,31.95,74.43
2022-06-29 14:21:53.835,12478,40000.00,31.95,74.38
2022-06-29 14:21:55.841,12479,40000.00,31.96,74.39
2022-06-29 14:21:57.844,12480,40000.00,31.96,74.46
2022-06-29 14:21:59.851,12481,40000.00,31.93,74.52
2022-06-29 14:22:01.854,12482,40000.00,31.93,74.57
2022-06-29 14:22:03.861,12483,40000.00,31.96,74.58
2022-06-29 14:22:05.868,12484,40000.00,31.95,74.64
2022-06-29 14:22:07.872,12485,40000.00,31.95,74.66
2022-06-29 14:22:09.877,12486,40000.00,31.92,74.67
2022-06-29 14:22:11.881,12487,40000.00,31.96,74.73
2022-06-29 14:22:13.887,12488,40000.00,31.93,74.73
2022-06-29 14:22:15.894,12489,40000.00,31.96,74.73
2022-06-29 14:22:17.897,12490,40000.00,31.95,74.73
2022-06-29 14:22:19.904,12491,40000.00,31.93,74.73
2022-06-29 14:22:21.907,12492,40000.00,31.93,74.70
2022-06-29 14:22:23.915,12493,40000.00,31.89,74.68
2022-06-29 14:22:25.917,12494,40000.00,31.93,74.69
2022-06-29 14:22:27.920,12495,40000.00,31.93,74.65
2022-06-29 14:22:29.927,12496,40000.00,31.92,74.60
2022-06-29 14:22:31.934,12497,40000.00,31.93,74.50
2022-06-29 14:22:33.937,12498,40000.00,31.95,74.51
2022-06-29 14:22:35.944,12499,40000.00,31.92,74.46
2022-06-29 14:22:37.947,12500,40000.00,31.92,74.40
2022-06-29 14:22:39.955,12501,40000.00,31.93,74.39
2022-06-29 14:22:41.960,12502,40000.00,31.93,74.51
2022-06-29 14:22:43.964,12503,40000.00,31.92,74.65
2022-06-29 14:22:45.971,12504,40000.00,31.91,74.77
2022-06-29 14:22:47.974,12505,40000.00,31.93,74.84
2022-06-29 14:22:49.980,12506,40000.00,31.92,74.83
2022-06-29 14:22:51.988,12507,40000.00,31.93,74.88
2022-06-29 14:22:53.991,12508,40000.00,31.93,74.89
2022-06-29 14:22:55.997,12509,40000.00,31.92,74.91
2022-06-29 14:22:58.000,12510,40000.00,31.92,74.95
2022-06-29 14:23:00.007,12511,40000.00,31.91,74.98
2022-06-29 14:23:02.010,12512,40000.00,31.92,75.00
2022-06-29 14:23:04.017,12513,40000.00,31.91,75.00
2022-06-29 14:23:06.019,12514,40000.00,31.93,75.00
2022-06-29 14:23:08.027,12515,40000.00,31.92,75.00
2022-06-29 14:23:10.030,12516,40000.00,31.92,74.97
2022-06-29 14:23:12.037,12517,40000.00,31.92,74.90
2022-06-29 14:23:14.039,12518,40000.00,31.91,74.87
2022-06-29 14:23:16.047,12519,40000.00,31.91,74.86
2022-06-29 14:23:18.054,12520,40000.00,31.91,74.86
2022-06-29 14:23:20.057,12521,40000.00,31.91,74.90
2022-06-29 14:23:22.063,12522,40000.00,31.91,74.92
2022-06-29 14:23:24.070,12523,40000.00,31.92,74.90
2022-06-29 14:23:26.073,12524,40000.00,31.92,74.93
2022-06-29 14:23:28.080,12525,40000.00,31.89,74.90
2022-06-29 14:23:30.083,12526,40000.00,31.88,74.88
2022-06-29 14:23:32.086,12527,40000.00,31.91,74.86
2022-06-29 14:23:34.093,12528,40000.00,31.91,74.89
2022-06-29 14:23:36.095,12529,40000.00,31.92,74.86
2022-06-29 14:23:38.103,12530,40000.00,31.92,74.91
2022-06-29 14:23:40.105,12531,40000.00,31.93,74.94
2022-06-29 14:23:42.108,12532,40000.00,31.91,74.99
2022-06-29 14:23:44.116,12533,40000.00,31.89,75.04
2022-06-29 14:23:46.118,12534,40000.00,31.92,75.03
2022-06-29 14:23:48.126,12535,40000.00,31.89,75.03
2022-06-29 14:23:50.128,12536,40000.00,31.89,75.04
2022-06-29 14:23:52.134,12537,40000.00,31.89,75.06
2022-06-29 14:23:54.138,12538,40000.00,31.88,75.08
2022-06-29 14:23:56.145,12539,40000.00,31.92,75.09
2022-06-29 14:23:58.148,12540,40000.00,31.91,75.11
2022-06-29 14:24:00.155,12541,40000.00,31.91,75.12
2022-06-29 14:24:02.162,12542,40000.00,31.91,75.13
2022-06-29 14:24:04.169,12543,40000.00,31.89,75.10
2022-06-29 14:24:06.172,12544,40000.00,31.89,75.07
2022-06-29 14:24:08.179,12545,40000.00,31.89,75.10
2022-06-29 14:24:10.186,12546,40000.00,31.91,75.11
2022-06-29 14:24:12.189,12547,40000.00,31.91,75.12
2022-06-29 14:24:14.196,12548,40000.00,31.89,75.06
2022-06-29 14:24:16.202,12549,40000.00,31.89,75.06
2022-06-29 14:24:18.210,12550,40000.00,31.89,75.03
2022-06-29 14:24:20.212,12551,40000.00,31.91,75.05
2022-06-29 14:24:22.219,12552,40000.00,31.88,75.05
2022-06-29 14:24:24.222,12553,40000.00,31.88,74.96
2022-06-29 14:24:26.228,12554,40000.00,31.89,74.92
2022-06-29 14:24:28.232,12555,40000.00,31.88,74.95
2022-06-29 14:24:30.238,12556,40000.00,31.89,75.03
2022-06-29 14:24:32.242,12557,40000.00,31.86,75.01
2022-06-29 14:24:34.248,12558,40000.00,31.88,75.05
2022-06-29 14:24:36.252,12559,40000.00,31.88,75.13
2022-06-29 14:24:38.255,12560,40000.00,31.88,75.15
2022-06-29 14:24:40.262,12561,40000.00,31.91,75.16
2022-06-29 14:24:42.264,12562,40000.00,31.89,75.20
2022-06-29 14:24:44.267,12563,40000.00,31.89,75.14
2022-06-29 14:24:46.270,12564,40000.00,31.88,75.16
2022-06-29 14:24:48.273,12565,40000.00,31.88,75.14
2022-06-29 14:24:50.276,12566,40000.00,31.86,75.11
2022-06-29 14:24:52.283,12567,40000.00,31.89,75.04
2022-06-29 14:24:54.282,12568,40000.00,31.88,74.94
2022-06-29 14:24:56.285,12569,40000.00,31.88,74.86
2022-06-29 14:24:58.288,12570,40000.00,31.88,74.78
2022-06-29 14:25:00.291,12571,40000.00,31.89,74.77
2022-06-29 14:25:02.297,12572,40000.00,31.88,74.74
2022-06-29 14:25:04.300,12573,40000.00,31.88,74.67
2022-06-29 14:25:06.307,12574,40000.00,31.83,74.75
2022-06-29 14:25:08.314,12575,40000.00,31.88,74.84
2022-06-29 14:25:10.317,12576,40000.00,31.86,74.91
2022-06-29 14:25:12.324,12577,40000.00,31.88,75.04
2022-06-29 14:25:14.331,12578,40000.00,31.85,75.09
2022-06-29 14:25:16.334,12579,40000.00,31.85,75.12
2022-06-29 14:25:18.341,12580,40000.00,31.85,75.17
2022-06-29 14:25:20.344,12581,40000.00,31.83,75.21
2022-06-29 14:25:22.346,12582,40000.00,31.89,75.20
2022-06-29 14:25:24.350,12583,40000.00,31.85,75.17
2022-06-29 14:25:26.352,12584,40000.00,31.85,75.15
2022-06-29 14:25:28.355,12585,40000.00,31.86,75.13
2022-06-29 14:25:30.358,12586,40000.00,31.85,75.13
2022-06-29 14:25:32.361,12587,40000.00,31.83,75.11
2022-06-29 14:25:34.364,12588,40000.00,31.83,75.11
2022-06-29 14:25:36.367,12589,40000.00,31.86,75.03
2022-06-29 14:25:38.370,12590,40000.00,31.85,75.03
2022-06-29 14:25:40.372,12591,40000.00,31.85,75.12
2022-06-29 14:25:42.375,12592,40000.00,31.85,75.12
2022-06-29 14:25:44.378,12593,40000.00,31.83,75.09
2022-06-29 14:25:46.381,12594,40000.00,31.83,75.04
2022-06-29 14:25:48.384,12595,40000.00,31.85,75.01
2022-06-29 14:25:50.387,12596,40000.00,31.85,75.06
2022-06-29 14:25:52.390,12597,40000.00,31.83,75.11
2022-06-29 14:25:54.393,12598,40000.00,31.83,75.16
2022-06-29 14:25:56.395,12599,40000.00,31.82,75.13
2022-06-29 14:25:58.398,12600,40000.00,31.83,75.14
2022-06-29 14:26:00.401,12601,40000.00,31.85,75.20
2022-06-29 14:26:02.404,12602,40000.00,31.83,75.24
2022-06-29 14:26:04.406,12603,40000.00,31.83,75.17
2022-06-29 14:26:06.410,12604,40000.00,31.85,75.14
2022-06-29 14:26:08.413,12605,40000.00,31.82,75.11
2022-06-29 14:26:10.415,12606,40000.00,31.85,75.14
2022-06-29 14:26:12.418,12607,40000.00,31.82,75.18
2022-06-29 14:26:14.421,12608,40000.00,31.85,75.28
2022-06-29 14:26:16.424,12609,40000.00,31.85,75.33
2022-06-29 14:26:18.427,12610,40000.00,31.83,75.31
2022-06-29 14:26:20.434,12611,40000.00,31.83,75.24
2022-06-29 14:26:22.437,12612,40000.00,31.81,75.21
2022-06-29 14:26:24.444,12613,40000.00,31.83,75.27
2022-06-29 14:26:26.450,12614,40000.00,31.83,75.23
2022-06-29 14:26:28.454,12615,40000.00,31.85,75.20
2022-06-29 14:26:30.461,12616,40000.00,31.86,75.17
2022-06-29 14:26:32.464,12617,40000.00,31.83,75.14
2022-06-29 14:26:34.471,12618,40000.00,31.83,75.11
2022-06-29 14:26:36.473,12619,40000.00,31.83,75.11
2022-06-29 14:26:38.476,12620,40000.00,31.81,75.11
2022-06-29 14:26:40.483,12621,40000.00,31.81,75.09
2022-06-29 14:26:42.486,12622,40000.00,31.82,75.15
2022-06-29 14:26:44.489,12623,40000.00,31.83,75.25
2022-06-29 14:26:46.495,12624,40000.00,31.82,75.31
2022-06-29 14:26:48.498,12625,40000.00,31.83,75.33
2022-06-29 14:26:50.506,12626,40000.00,31.82,75.36
2022-06-29 14:26:52.512,12627,40000.00,31.82,75.39
2022-06-29 14:26:54.516,12628,40000.00,31.82,75.34
2022-06-29 14:26:56.523,12629,40000.00,31.82,75.44
2022-06-29 14:26:58.525,12630,40000.00,31.82,75.46
2022-06-29 14:27:00.533,12631,40000.00,31.82,75.39
2022-06-29 14:27:02.535,12632,40000.00,31.81,75.40
2022-06-29 14:27:04.542,12633,40000.00,31.82,75.40
2022-06-29 14:27:06.545,12634,40000.00,31.82,75.37
2022-06-29 14:27:08.547,12635,40000.00,31.82,75.29
2022-06-29 14:27:10.555,12636,40000.00,31.82,75.27
2022-06-29 14:27:12.558,12637,40000.00,31.81,75.27
2022-06-29 14:27:14.565,12638,40000.00,31.81,75.34
2022-06-29 14:27:16.567,12639,40000.00,31.81,75.36
2022-06-29 14:27:18.574,12640,40000.00,31.82,75.43
2022-06-29 14:27:20.578,12641,40000.00,31.81,75.43
2022-06-29 14:27:22.585,12642,40000.00,31.79,75.44
2022-06-29 14:27:24.587,12643,40000.00,31.81,75.52
2022-06-29 14:27:26.594,12644,40000.00,31.81,75.58
2022-06-29 14:27:28.597,12645,40000.00,31.79,75.59
2022-06-29 14:27:30.604,12646,40000.00,31.78,75.55
2022-06-29 14:27:32.607,12647,40000.00,31.81,75.52
2022-06-29 14:27:34.614,12648,40000.00,31.79,75.49
2022-06-29 14:27:36.621,12649,40000.00,31.81,75.53
2022-06-29 14:27:38.624,12650,40000.00,31.79,75.54
2022-06-29 14:27:40.631,12651,40000.00,31.79,75.56
2022-06-29 14:27:42.638,12652,40000.00,31.79,75.62
2022-06-29 14:27:44.640,12653,40000.00,31.81,75.64
2022-06-29 14:27:46.648,12654,40000.00,31.78,75.60
2022-06-29 14:27:48.655,12655,40000.00,31.79,75.57
2022-06-29 14:27:50.658,12656,40000.00,31.81,75.58
2022-06-29 14:27:52.664,12657,40000.00,31.79,75.57
2022-06-29 14:27:54.667,12658,40000.00,31.81,75.53
2022-06-29 14:27:56.670,12659,40000.00,31.78,75.50
2022-06-29 14:27:58.677,12660,40000.00,31.79,75.44
2022-06-29 14:28:00.680,12661,40000.00,31.81,75.43
2022-06-29 14:28:02.683,12662,40000.00,31.79,75.45
2022-06-29 14:28:04.690,12663,40000.00,31.79,75.46
2022-06-29 14:28:06.692,12664,40000.00,31.76,75.38
2022-06-29 14:28:08.695,12665,40000.00,31.78,75.37
2022-06-29 14:28:10.699,12666,40000.00,31.79,75.27
2022-06-29 14:28:12.706,12667,40000.00,31.81,75.24
2022-06-29 14:28:14.709,12668,40000.00,31.79,75.27
2022-06-29 14:28:16.711,12669,40000.00,31.78,75.30
2022-06-29 14:28:18.714,12670,40000.00,31.79,75.30
2022-06-29 14:28:20.708,12671,40000.00,31.79,75.29
2022-06-29 14:28:22.722,12672,40000.00,31.79,75.22
2022-06-29 14:28:24.720,12673,40000.00,31.76,75.23
2022-06-29 14:28:26.726,12674,40000.00,31.76,75.33
2022-06-29 14:28:28.731,12675,40000.00,31.79,75.45
2022-06-29 14:28:30.740,12676,40000.00,31.79,75.47
2022-06-29 14:28:32.735,12677,40000.00,31.79,75.50
2022-06-29 14:28:34.740,12678,40000.00,31.78,75.49
2022-06-29 14:28:36.752,12679,40000.00,31.79,75.46
2022-06-29 14:28:38.755,12680,40000.00,31.76,75.43
2022-06-29 14:28:40.757,12681,40000.00,31.76,75.46
2022-06-29 14:28:42.759,12682,40000.00,31.76,75.48
2022-06-29 14:28:44.758,12683,40000.00,31.79,75.50
2022-06-29 14:28:46.764,12684,40000.00,31.76,75.42
2022-06-29 14:28:48.772,12685,40000.00,31.76,75.48
2022-06-29 14:28:50.774,12686,40000.00,31.76,75.51
2022-06-29 14:28:52.788,12687,40000.00,31.76,75.46
2022-06-29 14:28:54.791,12688,40000.00,31.78,75.43
2022-06-29 14:28:56.798,12689,40000.00,31.79,75.43
2022-06-29 14:28:58.787,12690,40000.00,31.76,75.49
2022-06-29 14:29:00.807,12691,40000.00,31.75,75.54
2022-06-29 14:29:02.801,12692,40000.00,31.75,75.51
2022-06-29 14:29:04.806,12693,40000.00,31.79,75.45
2022-06-29 14:29:06.819,12694,40000.00,31.75,75.34
2022-06-29 14:29:08.818,12695,40000.00,31.76,75.33
2022-06-29 14:29:10.833,12696,40000.00,31.78,75.27
2022-06-29 14:29:12.823,12697,40000.00,31.76,75.28
2022-06-29 14:29:14.843,12698,40000.00,31.75,75.34
2022-06-29 14:29:16.846,12699,40000.00,31.75,75.39
2022-06-29 14:29:18.841,12700,40000.00,31.76,75.39
2022-06-29 14:29:20.851,12701,40000.00,31.73,75.37
2022-06-29 14:29:22.866,12702,40000.00,31.73,75.29
2022-06-29 14:29:24.864,12703,40000.00,31.73,75.23
2022-06-29 14:29:26.867,12704,40000.00,31.78,75.21
2022-06-29 14:29:28.873,12705,40000.00,31.76,75.27
2022-06-29 14:29:30.877,12706,40000.00,31.75,75.35
2022-06-29 14:29:32.890,12707,40000.00,31.76,75.48
2022-06-29 14:29:34.893,12708,40000.00,31.76,75.53
2022-06-29 14:29:36.893,12709,40000.00,31.76,75.59
2022-06-29 14:29:38.893,12710,40000.00,31.73,75.65
2022-06-29 14:29:40.898,12711,40000.00,31.73,75.73
2022-06-29 14:29:42.904,12712,40000.00,31.75,75.73
2022-06-29 14:29:44.919,12713,40000.00,31.75,75.69
2022-06-29 14:29:46.908,12714,40000.00,31.75,75.69
2022-06-29 14:29:48.929,12715,40000.00,31.75,75.65
2022-06-29 14:29:50.919,12716,40000.00,31.76,75.57
2022-06-29 14:29:52.935,12717,40000.00,31.73,75.56
2022-06-29 14:29:54.931,12718,40000.00,31.75,75.53
2022-06-29 14:29:56.942,12719,40000.00,31.75,75.52
2022-06-29 14:29:58.939,12720,40000.00,31.73,75.49
2022-06-29 14:30:00.955,12721,40000.00,31.73,75.43
2022-06-29 14:30:02.958,12722,40000.00,31.73,75.37
2022-06-29 14:30:04.965,12723,40000.00,31.76,75.33
2022-06-29 14:30:06.965,12724,40000.00,31.73,75.26
2022-06-29 14:30:08.974,12725,40000.00,31.75,75.21
2022-06-29 14:30:10.967,12726,40000.00,31.73,75.26
2022-06-29 14:30:12.975,12727,40000.00,31.73,75.37
2022-06-29 14:30:14.987,12728,40000.00,31.76,75.47
2022-06-29 14:30:16.981,12729,40000.00,31.76,75.62
2022-06-29 14:30:18.989,12730,40000.00,31.73,75.69
2022-06-29 14:30:20.995,12731,40000.00,31.75,75.67
2022-06-29 14:30:23.001,12732,40000.00,31.75,75.61
2022-06-29 14:30:25.008,12733,40000.00,31.73,75.58
2022-06-29 14:30:27.008,12734,40000.00,31.73,75.55
2022-06-29 14:30:29.024,12735,40000.00,31.73,75.57
2022-06-29 14:30:31.027,12736,40000.00,31.73,75.52
2022-06-29 14:30:33.033,12737,40000.00,31.73,75.63
2022-06-29 14:30:35.040,12738,40000.00,31.75,75.56
2022-06-29 14:30:37.031,12739,40000.00,31.72,75.55
2022-06-29 14:30:39.051,12740,40000.00,31.72,75.53
2022-06-29 14:30:41.054,12741,40000.00,31.73,75.52
2022-06-29 14:30:43.056,12742,40000.00,31.73,75.48
2022-06-29 14:30:45.062,12743,40000.00,31.75,75.51
2022-06-29 14:30:47.062,12744,40000.00,31.72,75.57
2022-06-29 14:30:49.065,12745,40000.00,31.72,75.64
2022-06-29 14:30:51.067,12746,40000.00,31.72,75.63
2022-06-29 14:30:53.087,12747,40000.00,31.72,75.63
2022-06-29 14:30:55.091,12748,40000.00,31.73,75.62
2022-06-29 14:30:57.091,12749,40000.00,31.72,75.61
2022-06-29 14:30:59.103,12750,40000.00,31.73,75.56
2022-06-29 14:31:01.098,12751,40000.00,31.73,75.52
2022-06-29 14:31:03.117,12752,40000.00,31.72,75.48
2022-06-29 14:31:05.118,12753,40000.00,31.72,75.45
2022-06-29 14:31:07.120,12754,40000.00,31.72,75.47
2022-06-29 14:31:09.128,12755,40000.00,31.72,75.44
2022-06-29 14:31:11.120,12756,40000.00,31.71,75.43
2022-06-29 14:31:13.132,12757,40000.00,31.72,75.47
2022-06-29 14:31:15.140,12758,40000.00,31.72,75.48
2022-06-29 14:31:17.150,12759,40000.00,31.72,75.49
2022-06-29 14:31:19.151,12760,40000.00,31.71,75.48
2022-06-29 14:31:21.164,12761,40000.00,31.72,75.50
2022-06-29 14:31:23.171,12762,40000.00,31.72,75.56
2022-06-29 14:31:25.169,12763,40000.00,31.71,75.53
2022-06-29 14:31:27.171,12764,40000.00,31.72,75.52
2022-06-29 14:31:29.185,12765,40000.00,31.72,75.56
2022-06-29 14:31:31.185,12766,40000.00,31.72,75.60
2022-06-29 14:31:33.200,12767,40000.00,31.72,75.55
2022-06-29 14:31:35.213,12768,40000.00,31.71,75.61
2022-06-29 14:31:37.215,12769,40000.00,31.71,75.60
2022-06-29 14:31:39.208,12770,40000.00,31.71,75.68
2022-06-29 14:31:41.229,12771,40000.00,31.72,75.73
2022-06-29 14:31:43.234,12772,40000.00,31.71,75.76
2022-06-29 14:31:45.233,12773,40000.00,31.69,75.76
2022-06-29 14:31:47.248,12774,40000.00,31.72,75.73
2022-06-29 14:31:49.257,12775,40000.00,31.73,75.76
2022-06-29 14:31:51.261,12776,40000.00,31.72,75.80
2022-06-29 14:31:53.269,12777,40000.00,31.72,75.81
2022-06-29 14:31:55.278,12778,40000.00,31.71,75.78
2022-06-29 14:31:57.281,12779,40000.00,31.72,75.73
2022-06-29 14:31:59.285,12780,40000.00,31.69,75.71
2022-06-29 14:32:01.287,12781,40000.00,31.69,75.63
2022-06-29 14:32:03.299,12782,40000.00,31.71,75.67
2022-06-29 14:32:05.303,12783,40000.00,31.69,75.64
2022-06-29 14:32:07.308,12784,40000.00,31.71,75.52
2022-06-29 14:32:09.315,12785,40000.00,31.69,75.42
2022-06-29 14:32:11.315,12786,40000.00,31.72,75.42
2022-06-29 14:32:13.315,12787,40000.00,31.72,75.38
2022-06-29 14:32:15.323,12788,40000.00,31.71,75.35
2022-06-29 14:32:17.319,12789,40000.00,31.69,75.35
2022-06-29 14:32:19.332,12790,40000.00,31.71,75.32
2022-06-29 14:32:21.332,12791,40000.00,31.72,75.31
2022-06-29 14:32:23.346,12792,40000.00,31.69,75.35
2022-06-29 14:32:25.346,12793,40000.00,31.69,75.29
2022-06-29 14:32:27.345,12794,40000.00,31.71,75.29
2022-06-29 14:32:29.360,12795,40000.00,31.68,75.25
2022-06-29 14:32:31.359,12796,40000.00,31.68,75.19
2022-06-29 14:32:33.374,12797,40000.00,31.71,75.22
2022-06-29 14:32:35.373,12798,40000.00,31.72,75.29
2022-06-29 14:32:37.388,12799,40000.00,31.69,75.31
2022-06-29 14:32:39.388,12800,40000.00,31.69,75.39
2022-06-29 14:32:41.387,12801,40000.00,31.69,75.56
2022-06-29 14:32:43.390,12802,40000.00,31.68,75.65
2022-06-29 14:32:45.405,12803,40000.00,31.69,75.73
2022-06-29 14:32:47.404,12804,40000.00,31.69,75.76
2022-06-29 14:32:49.402,12805,40000.00,31.69,75.81
2022-06-29 14:32:51.418,12806,40000.00,31.69,75.76
2022-06-29 14:32:53.429,12807,40000.00,31.68,75.74
2022-06-29 14:32:55.429,12808,40000.00,31.69,75.76
2022-06-29 14:32:57.428,12809,40000.00,31.68,75.81
2022-06-29 14:32:59.443,12810,40000.00,31.68,75.81
2022-06-29 14:33:01.442,12811,40000.00,31.69,75.79
2022-06-29 14:33:03.450,12812,40000.00,31.71,75.78
2022-06-29 14:33:05.449,12813,40000.00,31.69,75.74
2022-06-29 14:33:07.449,12814,40000.00,31.68,75.75
2022-06-29 14:33:09.464,12815,40000.00,31.69,75.85
2022-06-29 14:33:11.465,12816,40000.00,31.68,75.86
2022-06-29 14:33:13.480,12817,40000.00,31.67,75.86
2022-06-29 14:33:15.480,12818,40000.00,31.69,75.87
2022-06-29 14:33:17.480,12819,40000.00,31.71,75.91
2022-06-29 14:33:19.496,12820,40000.00,31.65,75.93
2022-06-29 14:33:21.496,12821,40000.00,31.68,76.03
2022-06-29 14:33:23.496,12822,40000.00,31.68,76.06
2022-06-29 14:33:25.514,12823,40000.00,31.68,76.12
2022-06-29 14:33:27.515,12824,40000.00,31.69,76.20
2022-06-29 14:33:29.515,12825,40000.00,31.68,76.18
2022-06-29 14:33:31.515,12826,40000.00,31.69,76.21
2022-06-29 14:33:33.530,12827,40000.00,31.71,76.27
2022-06-29 14:33:35.530,12828,40000.00,31.68,76.34
2022-06-29 14:33:37.530,12829,40000.00,31.68,76.35
2022-06-29 14:33:39.546,12830,40000.00,31.65,76.32
2022-06-29 14:33:41.546,12831,40000.00,31.67,76.31
2022-06-29 14:33:43.546,12832,40000.00,31.68,76.28
2022-06-29 14:33:45.562,12833,40000.00,31.69,76.25
2022-06-29 14:33:47.562,12834,40000.00,31.69,76.24
2022-06-29 14:33:49.577,12835,40000.00,31.67,76.23
2022-06-29 14:33:51.577,12836,40000.00,31.65,76.21
2022-06-29 14:33:53.577,12837,40000.00,31.69,76.21
2022-06-29 14:33:55.593,12838,40000.00,31.69,76.15
2022-06-29 14:33:57.596,12839,40000.00,31.69,76.13
2022-06-29 14:33:59.596,12840,40000.00,31.68,76.16
2022-06-29 14:34:01.596,12841,40000.00,31.68,76.09
2022-06-29 14:34:03.612,12842,40000.00,31.69,76.02
2022-06-29 14:34:05.612,12843,40000.00,31.67,75.98
2022-06-29 14:34:07.612,12844,40000.00,31.69,75.92
2022-06-29 14:34:09.628,12845,40000.00,31.67,75.80
2022-06-29 14:34:11.628,12846,40000.00,31.68,75.82
2022-06-29 14:34:13.628,12847,40000.00,31.69,75.90
2022-06-29 14:34:15.643,12848,40000.00,31.68,75.99
2022-06-29 14:34:17.643,12849,40000.00,31.64,75.95
2022-06-29 14:34:19.643,12850,40000.00,31.69,75.99
2022-06-29 14:34:21.659,12851,40000.00,31.68,76.12
2022-06-29 14:34:23.659,12852,40000.00,31.65,76.16
2022-06-29 14:34:25.659,12853,40000.00,31.67,76.10
2022-06-29 14:34:27.675,12854,40000.00,31.68,76.15
2022-06-29 14:34:29.675,12855,40000.00,31.68,76.14
2022-06-29 14:34:31.678,12856,40000.00,31.67,76.14
2022-06-29 14:34:33.678,12857,40000.00,31.65,76.08
2022-06-29 14:34:35.693,12858,40000.00,31.68,76.05
2022-06-29 14:34:37.693,12859,40000.00,31.67,76.00
2022-06-29 14:34:39.693,12860,40000.00,31.68,75.87
2022-06-29 14:34:41.710,12861,40000.00,31.67,75.78
2022-06-29 14:34:43.710,12862,40000.00,31.67,75.75
2022-06-29 14:34:45.710,12863,40000.00,31.65,75.75
2022-06-29 14:34:47.725,12864,40000.00,31.68,75.77
2022-06-29 14:34:49.725,12865,40000.00,31.67,75.73
2022-06-29 14:34:51.741,12866,40000.00,31.65,75.75
2022-06-29 14:34:53.741,12867,40000.00,31.65,75.70
2022-06-29 14:34:55.757,12868,40000.00,31.64,75.69
2022-06-29 14:34:57.757,12869,40000.00,31.62,75.69
2022-06-29 14:34:59.757,12870,40000.00,31.65,75.63
2022-06-29 14:35:01.774,12871,40000.00,31.65,75.58
2022-06-29 14:35:03.775,12872,40000.00,31.67,75.68
2022-06-29 14:35:05.775,12873,40000.00,31.67,75.83
2022-06-29 14:35:07.791,12874,40000.00,31.65,75.91
2022-06-29 14:35:09.791,12875,40000.00,31.64,75.96
2022-06-29 14:35:11.791,12876,40000.00,31.62,75.95
2022-06-29 14:35:13.807,12877,40000.00,31.65,76.00
2022-06-29 14:35:15.807,12878,40000.00,31.65,76.01
2022-06-29 14:35:17.807,12879,40000.00,31.65,75.99
2022-06-29 14:35:19.822,12880,40000.00,31.64,75.99
2022-06-29 14:35:21.822,12881,40000.00,31.67,75.90
2022-06-29 14:35:23.838,12882,40000.00,31.65,75.86
2022-06-29 14:35:25.838,12883,40000.00,31.64,75.92
2022-06-29 14:35:27.854,12884,40000.00,31.64,75.99
2022-06-29 14:35:29.854,12885,40000.00,31.62,76.09
2022-06-29 14:35:31.854,12886,40000.00,31.62,76.14
2022-06-29 14:35:33.871,12887,40000.00,31.64,76.16
2022-06-29 14:35:35.873,12888,40000.00,31.62,76.14
2022-06-29 14:35:37.888,12889,40000.00,31.65,76.21
2022-06-29 14:35:39.888,12890,40000.00,31.62,76.17
2022-06-29 14:35:41.888,12891,40000.00,31.64,76.19
2022-06-29 14:35:43.904,12892,40000.00,31.65,76.18
2022-06-29 14:35:45.904,12893,40000.00,31.61,76.13
2022-06-29 14:35:47.920,12894,40000.00,31.62,76.12
2022-06-29 14:35:49.920,12895,40000.00,31.64,76.12
2022-06-29 14:35:51.935,12896,40000.00,31.65,76.13
2022-06-29 14:35:53.935,12897,40000.00,31.65,76.05
2022-06-29 14:35:55.951,12898,40000.00,31.62,76.02
2022-06-29 14:35:57.951,12899,40000.00,31.65,76.02
2022-06-29 14:35:59.951,12900,40000.00,31.64,75.98
2022-06-29 14:36:01.967,12901,40000.00,31.64,75.92
2022-06-29 14:36:03.967,12902,40000.00,31.62,75.91
2022-06-29 14:36:05.982,12903,40000.00,31.64,75.90
2022-06-29 14:36:07.985,12904,40000.00,31.61,75.93
2022-06-29 14:36:09.986,12905,40000.00,31.61,76.03
2022-06-29 14:36:11.986,12906,40000.00,31.62,76.04
2022-06-29 14:36:14.001,12907,40000.00,31.62,76.06
2022-06-29 14:36:16.001,12908,40000.00,31.62,76.08
2022-06-29 14:36:18.001,12909,40000.00,31.64,76.09
2022-06-29 14:36:20.017,12910,40000.00,31.61,76.13
2022-06-29 14:36:22.017,12911,40000.00,31.61,76.18
2022-06-29 14:36:24.033,12912,40000.00,31.61,76.23
2022-06-29 14:36:26.033,12913,40000.00,31.62,76.30
2022-06-29 14:36:28.033,12914,40000.00,31.62,76.31
2022-06-29 14:36:30.033,12915,40000.00,31.62,76.35
2022-06-29 14:36:32.048,12916,40000.00,31.61,76.38
2022-06-29 14:36:34.053,12917,40000.00,31.61,76.35
2022-06-29 14:36:36.053,12918,40000.00,31.62,76.42
2022-06-29 14:36:38.069,12919,40000.00,31.62,76.41
2022-06-29 14:36:40.070,12920,40000.00,31.62,76.41
2022-06-29 14:36:42.072,12921,40000.00,31.58,76.37
2022-06-29 14:36:44.072,12922,40000.00,31.60,76.40
2022-06-29 14:36:46.088,12923,40000.00,31.62,76.42
2022-06-29 14:36:48.089,12924,40000.00,31.62,76.38
2022-06-29 14:36:50.089,12925,40000.00,31.60,76.46
2022-06-29 14:36:52.106,12926,40000.00,31.61,76.44
2022-06-29 14:36:54.104,12927,40000.00,31.61,76.41
2022-06-29 14:36:56.104,12928,40000.00,31.61,76.41
2022-06-29 14:36:58.120,12929,40000.00,31.61,76.42
2022-06-29 14:37:00.120,12930,40000.00,31.58,76.48
2022-06-29 14:37:02.120,12931,40000.00,31.60,76.52
2022-06-29 14:37:04.136,12932,40000.00,31.62,76.52
2022-06-29 14:37:06.136,12933,40000.00,31.61,76.51
2022-06-29 14:37:08.151,12934,40000.00,31.60,76.47
2022-06-29 14:37:10.151,12935,40000.00,31.58,76.39
2022-06-29 14:37:12.160,12936,40000.00,31.61,76.34
2022-06-29 14:37:14.155,12937,40000.00,31.60,76.22
2022-06-29 14:37:16.169,12938,40000.00,31.58,76.15
2022-06-29 14:37:18.175,12939,40000.00,31.60,76.08
2022-06-29 14:37:20.174,12940,40000.00,31.60,75.97
2022-06-29 14:37:22.185,12941,40000.00,31.61,75.91
2022-06-29 14:37:24.181,12942,40000.00,31.57,76.03
2022-06-29 14:37:26.190,12943,40000.00,31.60,76.08
2022-06-29 14:37:28.190,12944,40000.00,31.60,76.13
2022-06-29 14:37:30.196,12945,40000.00,31.58,76.08
2022-06-29 14:37:32.197,12946,40000.00,31.60,76.04
2022-06-29 14:37:34.213,12947,40000.00,31.60,75.94
2022-06-29 14:37:36.207,12948,40000.00,31.55,75.91
2022-06-29 14:37:38.224,12949,40000.00,31.58,75.92
2022-06-29 14:37:40.224,12950,40000.00,31.60,75.88
2022-06-29 14:37:42.224,12951,40000.00,31.60,75.85
2022-06-29 14:37:44.240,12952,40000.00,31.58,75.87
2022-06-29 14:37:46.240,12953,40000.00,31.58,76.05
2022-06-29 14:37:48.255,12954,40000.00,31.58,76.14
2022-06-29 14:37:50.261,12955,40000.00,31.58,76.18
2022-06-29 14:37:52.263,12956,40000.00,31.58,76.18
2022-06-29 14:37:54.267,12957,40000.00,31.57,76.18
2022-06-29 14:37:56.268,12958,40000.00,31.55,76.23
2022-06-29 14:37:58.268,12959,40000.00,31.58,76.29
2022-06-29 14:38:00.284,12960,40000.00,31.57,76.36
2022-06-29 14:38:02.291,12961,40000.00,31.57,76.38
2022-06-29 14:38:04.295,12962,40000.00,31.57,76.43
2022-06-29 14:38:06.301,12963,40000.00,31.58,76.43
2022-06-29 14:38:08.309,12964,40000.00,31.57,76.39
2022-06-29 14:38:10.311,12965,40000.00,31.57,76.34
2022-06-29 14:38:12.319,12966,40000.00,31.58,76.37
2022-06-29 14:38:14.326,12967,40000.00,31.55,76.36
2022-06-29 14:38:16.328,12968,40000.00,31.55,76.35
2022-06-29 14:38:18.335,12969,40000.00,31.57,76.41
2022-06-29 14:38:20.342,12970,40000.00,31.58,76.45
2022-06-29 14:38:22.345,12971,40000.00,31.58,76.48
2022-06-29 14:38:24.350,12972,40000.00,31.57,76.48
2022-06-29 14:38:26.352,12973,40000.00,31.57,76.53
2022-06-29 14:38:28.366,12974,40000.00,31.57,76.53
2022-06-29 14:38:30.369,12975,40000.00,31.57,76.52
2022-06-29 14:38:32.369,12976,40000.00,31.55,76.44
2022-06-29 14:38:34.382,12977,40000.00,31.57,76.39
2022-06-29 14:38:36.382,12978,40000.00,31.55,76.30
2022-06-29 14:38:38.382,12979,40000.00,31.55,76.28
2022-06-29 14:38:40.398,12980,40000.00,31.55,76.41
2022-06-29 14:38:42.398,12981,40000.00,31.57,76.45
2022-06-29 14:38:44.398,12982,40000.00,31.57,76.46
2022-06-29 14:38:46.415,12983,40000.00,31.55,76.38
2022-06-29 14:38:48.416,12984,40000.00,31.57,76.35
2022-06-29 14:38:50.422,12985,40000.00,31.57,76.29
2022-06-29 14:38:52.433,12986,40000.00,31.57,76.22
2022-06-29 14:38:54.430,12987,40000.00,31.54,76.18
2022-06-29 14:38:56.436,12988,40000.00,31.55,76.13
2022-06-29 14:38:58.445,12989,40000.00,31.54,76.08
2022-06-29 14:39:00.460,12990,40000.00,31.57,76.18
2022-06-29 14:39:02.468,12991,40000.00,31.55,76.25
2022-06-29 14:39:04.471,12992,40000.00,31.57,76.27
2022-06-29 14:39:06.466,12993,40000.00,31.54,76.27
2022-06-29 14:39:08.485,12994,40000.00,31.55,76.25
2022-06-29 14:39:10.479,12995,40000.00,31.55,76.26
